Frequency[Hz], Hx, sHx, Hy, sHy
5.000000000000000000e-01,1.889217824202061745e-03,7.096688773092651341e-05,5.153159380976629405e-04,6.829129680514696161e-05
5.999999999999999778e-01,9.311259624256510966e-04,4.932031629755263179e-05,2.339296111819344243e-04,4.769503181881237905e-05
6.999999999999999556e-01,1.502513177105894212e-03,3.615587462457865562e-05,7.162502301967911891e-05,3.507333686940791913e-05
8.000000000000000444e-01,3.680182673042199388e-03,2.776758523767708980e-05,1.022717728728170526e-04,2.682504409213945984e-05
9.000000000000000222e-01,4.042447362472396943e-02,2.194756784119663898e-05,1.215671278760369588e-03,2.119888199338222851e-05
1.000000000000000000e+00,4.122731518625198481e-03,1.776100610006164322e-05,1.229276536856410685e-04,1.714576330865161621e-05
1.100000000000000089e+00,2.784360235074505481e-03,1.470351317474911557e-05,1.094249541142211030e-04,1.418935102351936835e-05
1.199999999999999956e+00,2.079109160574865896e-03,1.231340777216052921e-05,2.901631543259150232e-04,1.193858129803585327e-05
1.300000000000000044e+00,1.778420955210486838e-03,1.051408175154034119e-05,6.988328139584813249e-05,1.017145545839647488e-05
1.399999999999999911e+00,1.612813327656925947e-03,9.065851833930684193e-06,5.188616923842566636e-05,8.755151528224602620e-06
1.500000000000000000e+00,1.457912687277350492e-03,7.895823996743047028e-06,6.987698448698393902e-05,7.626320185642465170e-06
1.600000000000000089e+00,1.364859854994556875e-03,6.936758071740855106e-06,5.568664807336908695e-05,6.695421347473351576e-06
1.699999999999999956e+00,1.292121655768630828e-03,6.155416172619530249e-06,7.519736548028476775e-05,5.937931486669389397e-06
1.800000000000000044e+00,1.247073714132020681e-03,5.485349697546328614e-06,2.205430631836865737e-04,5.290360574670111181e-06
1.899999999999999911e+00,1.186258734557959528e-03,4.923757848462690650e-06,9.228972421732902073e-05,4.751829618261345714e-06
2.000000000000000000e+00,1.151095580431614647e-03,4.441222922418447688e-06,7.960276904368902915e-05,4.287606316571683580e-06
2.100000000000000089e+00,1.127583193293256545e-03,4.029464613905825064e-06,8.742537613844441734e-05,3.893993243479007781e-06
2.200000000000000178e+00,1.095534578318487504e-03,3.674078221397013435e-06,7.167402363370079595e-05,3.547419202731061962e-06
2.299999999999999822e+00,1.077896990867890188e-03,3.361006100638648216e-06,8.038842634116732954e-05,3.244494957321077413e-06
2.399999999999999911e+00,1.067488535293944704e-03,3.085540384664778877e-06,8.797144527610414411e-05,2.979953889649118800e-06
2.500000000000000000e+00,1.039705215801200620e-03,2.842424359655035613e-06,9.487799179361620764e-05,2.744660053297450437e-06
2.600000000000000089e+00,1.024275605024360094e-03,2.627135805699184175e-06,9.843161373357453418e-05,2.537098359513362427e-06
2.700000000000000178e+00,1.014951456226397203e-03,2.434650930834827883e-06,1.105981835347342047e-04,2.351321490972292252e-06
2.799999999999999822e+00,9.895521990783535081e-04,2.264224127712739497e-06,1.263261526051459506e-04,2.186542995697082654e-06
2.899999999999999911e+00,9.789239325586952291e-04,2.113180460781532526e-06,1.312836820714877737e-04,2.040583232748285155e-06
3.000000000000000000e+00,9.711674105107578675e-04,1.973879484433894717e-06,1.460636060509267159e-04,1.906229695999137508e-06
3.100000000000000089e+00,9.624375426582795464e-04,1.848322970720060641e-06,1.572147461703702861e-04,1.784892165024335160e-06
3.200000000000000178e+00,9.431109374700931327e-04,1.734316402316308208e-06,1.751775281689644766e-04,1.674750499399157230e-06
3.299999999999999822e+00,9.329940837145888960e-04,1.632200627057956604e-06,1.878944052018264926e-04,1.576206254652450706e-06
3.399999999999999911e+00,9.138348589946785347e-04,1.536462350608033955e-06,2.093187630929155209e-04,1.483911012764312156e-06
3.500000000000000000e+00,9.052913580141286679e-04,1.450168604917654253e-06,2.307961705047350501e-04,1.400528632430719505e-06
3.600000000000000089e+00,8.879774157482413612e-04,1.370330482030467210e-06,2.588857095904888920e-04,1.323439962853708221e-06
3.700000000000000178e+00,8.719815730504780265e-04,1.296802099702524583e-06,2.905804980276212313e-04,1.252410912952444135e-06
3.799999999999999822e+00,8.559050065526439648e-04,1.230491700720575880e-06,3.271173881069077013e-04,1.188296407635604957e-06
3.899999999999999911e+00,8.365042967740347760e-04,1.167744558015004676e-06,3.736592576653070949e-04,1.127781509129563826e-06
4.000000000000000000e+00,8.161194120360574242e-04,1.110288591611610088e-06,4.350368907278732685e-04,1.072264354080666719e-06
4.099999999999999645e+00,7.902452439018770687e-04,1.056444307806246043e-06,5.137295102677762616e-04,1.020252342690443150e-06
4.200000000000000178e+00,7.580628810151052643e-04,1.007154890511664988e-06,6.228102029316073991e-04,9.726226307550686161e-07
4.299999999999999822e+00,7.198727011071078983e-04,9.608316667025421133e-07,7.852077195657658102e-04,9.279814938184339831e-07
4.400000000000000355e+00,6.643642888375418535e-04,9.178374549166944664e-07,1.048847498343626885e-03,8.863655185619962583e-07
4.500000000000000000e+00,5.951991551959055294e-04,8.772680599417923428e-07,1.404882116601062448e-03,8.472291218985364527e-07
4.599999999999999645e+00,4.691842422805050515e-04,8.392840811208033252e-07,2.184458861850578117e-03,8.107126027363679872e-07
4.700000000000000178e+00,5.418659030205090531e-04,8.045239015504678359e-07,5.865009390087340922e-03,7.762602792410046933e-07
4.799999999999999822e+00,1.554409052358697325e-03,7.708810136817960365e-07,6.465638405244993059e-03,7.443262695106730012e-07
4.900000000000000355e+00,1.065054197941984592e-03,7.401037375576528427e-07,2.873629088021232170e-03,7.147479302088827979e-07
5.000000000000000000e+00,8.593712074194972093e-04,7.105889111179346530e-07,1.723240164996312634e-03,6.862514501981640592e-07
5.099999999999999645e+00,7.257709813048139223e-04,6.828645710696508569e-07,1.190877673574560619e-03,6.595022694688716681e-07
5.200000000000000178e+00,6.068805383836865536e-04,6.572114487144125273e-07,8.822593501229975812e-04,6.346835609147933722e-07
5.299999999999999822e+00,4.734808683320139043e-04,6.324767033454088797e-07,6.640339128222389831e-04,6.108182741561044121e-07
5.400000000000000355e+00,3.108462310587063867e-04,6.091316548522811305e-07,4.774334987625103313e-04,5.882478906006770267e-07
5.499999999999999112e+00,9.132173775505343421e-05,5.872501452724934282e-07,2.917131769626967516e-04,5.671517374800217181e-07
5.599999999999999645e+00,3.611710531552392452e-04,5.663409979176204821e-07,3.744236579357475666e-05,5.469256014708229645e-07
5.700000000000000178e+00,1.323345459454466737e-03,5.470110487194052678e-07,4.714794420533037554e-04,5.282795324424291967e-07
5.799999999999999822e+00,1.290819918406562253e-02,5.280645765481686028e-07,9.044383786972361866e-03,5.099875836192868012e-07
5.900000000000000355e+00,4.978941402048644126e-03,5.104545765110966076e-07,5.275903508219964566e-03,4.928710385675982062e-07
6.000000000000000000e+00,4.102006506087660549e-03,4.934601517443790041e-07,5.420321852173037511e-04,4.765634106489079263e-07
6.099999999999999645e+00,2.910698393243570711e-03,4.775293318063102207e-07,5.617215569442658230e-04,4.611713574070927086e-07
6.200000000000000178e+00,2.382231266877377681e-03,4.619728547621332766e-07,5.652710492858340971e-04,4.461584298532497307e-07
6.299999999999999822e+00,2.089567433223240775e-03,4.474313554478630812e-07,5.374780073246893369e-04,4.321007324789545349e-07
6.400000000000000355e+00,1.903781187655465609e-03,4.336075488705182878e-07,5.078436294946284167e-04,4.187573216072492973e-07
6.500000000000000888e+00,1.774330447704923876e-03,4.204623524327765584e-07,4.784431335556763921e-04,4.060620897771478375e-07
6.599999999999999645e+00,1.680132984621797486e-03,4.078719696968498841e-07,4.533223752175061889e-04,3.939169195752752012e-07
6.700000000000000178e+00,1.608395980426611084e-03,3.956101016321117596e-07,4.324001539839497166e-04,3.820748698565615514e-07
6.799999999999999822e+00,1.551075963045880522e-03,3.840556892446088660e-07,4.132746964242311506e-04,3.709133160216758798e-07
6.900000000000000355e+00,1.504348458166657361e-03,3.731239712296618669e-07,3.966763063834485002e-04,3.603584918492391083e-07
7.000000000000000000e+00,1.467140855412609694e-03,3.625401152248698927e-07,3.806939057645072704e-04,3.501258919925953438e-07
7.099999999999999645e+00,1.434832477465436580e-03,3.523725796002208968e-07,3.678192205885724968e-04,3.402925967658359773e-07
7.200000000000000178e+00,1.407876991510749768e-03,3.427094301849838694e-07,3.557584483483894658e-04,3.309518678339703543e-07
7.299999999999999822e+00,1.382689349028278598e-03,3.332871327747606163e-07,3.444862684925445169e-04,3.218595008265068881e-07
7.400000000000000355e+00,1.362372046436452922e-03,3.243829957391931151e-07,3.351486299376857923e-04,3.132848225899193043e-07
7.499999999999999112e+00,1.342736548947415492e-03,3.158160752313345790e-07,3.260827556102445122e-04,3.050006941983406205e-07
7.599999999999999645e+00,1.327369152192127508e-03,3.074967429666912877e-07,3.179002569554907685e-04,2.969633549728210695e-07
7.700000000000000178e+00,1.312949976613307906e-03,2.995367461864601643e-07,3.097100655555513719e-04,2.892721539055475419e-07
7.799999999999999822e+00,1.300295107100583750e-03,2.919362175220629807e-07,3.028269766041965638e-04,2.819527812620714479e-07
7.900000000000000355e+00,1.287733434693795606e-03,2.846647418608407508e-07,2.956742269352266345e-04,2.749077203895045066e-07
8.000000000000000000e+00,1.276064943234165184e-03,2.775724528846213751e-07,2.884101685282992921e-04,2.680663011811882550e-07
8.099999999999999645e+00,1.266476268533653750e-03,2.707667920179039919e-07,2.833804982778135011e-04,2.614829316736870466e-07
8.199999999999999289e+00,1.257063705351363142e-03,2.641642833538583136e-07,2.768962185351304755e-04,2.551041885953302773e-07
8.300000000000000711e+00,1.248788569639620004e-03,2.578214972251706256e-07,2.717221935170644723e-04,2.490038993279045344e-07
8.400000000000000355e+00,1.240896880382442308e-03,2.517833540960904739e-07,2.660828901524144030e-04,2.431528886080621864e-07
8.500000000000000000e+00,1.233244298908799498e-03,2.458715910977368735e-07,2.617252232795106359e-04,2.374511920722697592e-07
8.599999999999999645e+00,1.226598387903749671e-03,2.401476222072861603e-07,2.568500510661511811e-04,2.319222892114977146e-07
8.699999999999999289e+00,1.219773442706408159e-03,2.346875247065431997e-07,2.523443379376251439e-04,2.266646234708867456e-07
8.800000000000000711e+00,1.214339659313776361e-03,2.294354437965645356e-07,2.479807613780415270e-04,2.215656095815368207e-07
8.900000000000000355e+00,1.207673265699720942e-03,2.242800069366067501e-07,2.443549139128732887e-04,2.166071000207363401e-07
9.000000000000000000e+00,1.203210508562927361e-03,2.193185639572512398e-07,2.402646674897201419e-04,2.118069843790430685e-07
9.099999999999999645e+00,1.197646563137155741e-03,2.145051911353523763e-07,2.367485776193009996e-04,2.071507303220969835e-07
9.199999999999999289e+00,1.192680453363863810e-03,2.098534145868618933e-07,2.329647395261683583e-04,2.026794567422019769e-07
9.300000000000000711e+00,1.187455812112553442e-03,2.053995373201185406e-07,2.293619340948860775e-04,1.983516919936844390e-07
9.400000000000000355e+00,1.183423235694766509e-03,2.010732665638566795e-07,2.261789894477115367e-04,1.941841332506963080e-07
9.500000000000000000e+00,1.179446274164659301e-03,1.968347145219630071e-07,2.229857449442222824e-04,1.900948572167168139e-07
9.599999999999999645e+00,1.174487803375212159e-03,1.927856126014187360e-07,2.195687996993091423e-04,1.861893836822100106e-07
9.699999999999999289e+00,1.170744687112149768e-03,1.887844457992963718e-07,2.169190451108006349e-04,1.823076427175359483e-07
9.800000000000000711e+00,1.167073683518694794e-03,1.850076412458677567e-07,2.139282544789535099e-04,1.786628993405549904e-07
9.900000000000000355e+00,1.163662259406759514e-03,1.812798355304560803e-07,2.115045024308685566e-04,1.750709774887733898e-07
1.000000000000000000e+01,1.159318738522798365e-03,1.776461944161578388e-07,2.082123972895999454e-04,1.715623131734887408e-07
1.009999999999999964e+01,1.156694494933344520e-03,1.741655308258002020e-07,2.052813280806009371e-04,1.682062446597290836e-07
1.019999999999999929e+01,1.153271974497076767e-03,1.707149098287411561e-07,2.025463404934245881e-04,1.648618199609174429e-07
1.030000000000000249e+01,1.150146766490747936e-03,1.674642510501524044e-07,2.001032201515978845e-04,1.617168603772584293e-07
1.040000000000000036e+01,1.146664610815866783e-03,1.642361748983861311e-07,1.974299781418893402e-04,1.586056623525031131e-07
1.050000000000000000e+01,1.143701651822718419e-03,1.611351041666003164e-07,1.946994110140488866e-04,1.556158642568103492e-07
1.059999999999999964e+01,1.140775958111704246e-03,1.580787064203953834e-07,1.913802780367427454e-04,1.526691997335997336e-07
1.069999999999999929e+01,1.138462398015435088e-03,1.551409586418475596e-07,1.872119107040938772e-04,1.498193265622931517e-07
1.080000000000000071e+01,1.135772501132292951e-03,1.522961728698008930e-07,1.829632545440922282e-04,1.470695060238377975e-07
1.090000000000000036e+01,1.132482550286505142e-03,1.495097492871587898e-07,1.797488865744398940e-04,1.443849516234061772e-07
1.099999999999999822e+01,1.130526938600411556e-03,1.468161026480025802e-07,1.757076991751989553e-04,1.417877424470275565e-07
1.109999999999999964e+01,1.127859879284220240e-03,1.441696239002868174e-07,1.723875024941324055e-04,1.392414122178346211e-07
1.119999999999999929e+01,1.125509897933419474e-03,1.415893226798015267e-07,1.695167509251687343e-04,1.367377795301545689e-07
1.130000000000000071e+01,1.123492175382249762e-03,1.390958682746248248e-07,1.662711890666275418e-04,1.343306646646623720e-07
1.140000000000000036e+01,1.120943014806529813e-03,1.366832869948225534e-07,1.630590661006349332e-04,1.320094454711480221e-07
1.150000000000000000e+01,1.118704734360424780e-03,1.343225319266087252e-07,1.599160587755754626e-04,1.297247629993613032e-07
1.159999999999999964e+01,1.115877634505449629e-03,1.320401558028101408e-07,1.567894099835536229e-04,1.275106771218229278e-07
1.169999999999999751e+01,1.113691028759672798e-03,1.298011956266575313e-07,1.541013920670051304e-04,1.253484609082456555e-07
1.180000000000000071e+01,1.110743720738235777e-03,1.275996557141185988e-07,1.511386071287275975e-04,1.232157767393866710e-07
1.189999999999999858e+01,1.108937252619530056e-03,1.254324823283757305e-07,1.485873132405732559e-04,1.211373180020097943e-07
1.200000000000000000e+01,1.106654446321185190e-03,1.233655287262689746e-07,1.458627236820722150e-04,1.191407680832431821e-07
1.210000000000000142e+01,1.105004743874327296e-03,1.213362374199939629e-07,1.426244143927777642e-04,1.171694183655658835e-07
1.219999999999999929e+01,1.102571152225282833e-03,1.193544871622633928e-07,1.402239627842200270e-04,1.152501835353022358e-07
1.230000000000000249e+01,1.100661539852315586e-03,1.173977388348113266e-07,1.372184871745715578e-04,1.133832422112750521e-07
1.240000000000000036e+01,1.098705952248888200e-03,1.155463552878852156e-07,1.342206608477265024e-04,1.115820219645719734e-07
1.250000000000000000e+01,1.096555632793140946e-03,1.136938699315685296e-07,1.315272686884483245e-04,1.098000200673551570e-07
1.259999999999999964e+01,1.094781561045858175e-03,1.119086820860226521e-07,1.290633933752170922e-04,1.080602605819733421e-07
1.269999999999999929e+01,1.092566655250214657e-03,1.101260643369902020e-07,1.263380384905556412e-04,1.063478780319357242e-07
1.280000000000000071e+01,1.090151182555784649e-03,1.084342668867727574e-07,1.242121161666947355e-04,1.047341224902219023e-07
1.290000000000000036e+01,1.088083632276088796e-03,1.067412149040356687e-07,1.222758883872515439e-04,1.030937644509789369e-07
1.300000000000000178e+01,1.086734220925139301e-03,1.051207043835358472e-07,1.208240609644317795e-04,1.015159013776539463e-07
1.309999999999999964e+01,1.084464422300149104e-03,1.035253623983260961e-07,1.197860599654936112e-04,9.996197147129485533e-08
1.319999999999999929e+01,1.082523132904700865e-03,1.019389845133541036e-07,1.191754456680631192e-04,9.847648699483396679e-08
1.330000000000000071e+01,1.080698651314535670e-03,1.004247549713978404e-07,1.185114323215802318e-04,9.697245564870204796e-08
1.340000000000000036e+01,1.078530447493454255e-03,9.894387159992639536e-08,1.182554378154579585e-04,9.553938619316108916e-08
1.350000000000000000e+01,1.075997003188638133e-03,9.747006502459459043e-08,1.190593294398549528e-04,9.414041326266134075e-08
1.359999999999999964e+01,1.073813862374813771e-03,9.605087651310817197e-08,1.206170839331934311e-04,9.276319455926074012e-08
1.369999999999999751e+01,1.071362615484347915e-03,9.465164202285393276e-08,1.228782566823495136e-04,9.139454131345112789e-08
1.380000000000000071e+01,1.068400597479751387e-03,9.329627298188744593e-08,1.276073773962388934e-04,9.007888634296482374e-08
1.389999999999999858e+01,1.065160608969889814e-03,9.194953361985615599e-08,1.335227189412989228e-04,8.879419019589506522e-08
1.400000000000000000e+01,1.061695703055828052e-03,9.063371647142443704e-08,1.431009598014585076e-04,8.753428960071211104e-08
1.410000000000000142e+01,1.058726731003632043e-03,8.935839867127681320e-08,1.555295516589972726e-04,8.629020065353140513e-08
1.419999999999999929e+01,1.054491927977783223e-03,8.808698477130384230e-08,1.727825942886500430e-04,8.509906085651876913e-08
1.430000000000000249e+01,1.049985653148581251e-03,8.686869638481436456e-08,1.956527712864200293e-04,8.390765658365338153e-08
1.440000000000000036e+01,1.044696707336640771e-03,8.566867107068157290e-08,2.258370153952160531e-04,8.274255471398225459e-08
1.450000000000000000e+01,1.038725995913722258e-03,8.449742843173349687e-08,2.659008042812045823e-04,8.159731088375958008e-08
1.459999999999999964e+01,1.031695206802032755e-03,8.332989058023689551e-08,3.196847631510694489e-04,8.049219606801109437e-08
1.469999999999999929e+01,1.023248290613976066e-03,8.222107588948164567e-08,3.941152976457465407e-04,7.939415618351975930e-08
1.480000000000000071e+01,1.014038849643720489e-03,8.111507692927541918e-08,5.016809608491250988e-04,7.831338076806085933e-08
1.490000000000000036e+01,1.006417106937886616e-03,8.002252341901547763e-08,6.740926503002816648e-04,7.727399899712190510e-08
1.499999999999999822e+01,1.017788470374803500e-03,7.895404498226901753e-08,9.570736843009351605e-04,7.625015555867367394e-08
1.509999999999999964e+01,1.117057201778750035e-03,7.790849893385423973e-08,1.308794982339414950e-03,7.524028922226055223e-08
1.519999999999999929e+01,1.206894172793948443e-03,7.689946214677286419e-08,1.449963550524515157e-03,7.424785985818579922e-08
1.530000000000000071e+01,1.247821956677197400e-03,7.589969149981311405e-08,1.447747634229571952e-03,7.329119508709577593e-08
1.540000000000000036e+01,1.257985529808416632e-03,7.490594168498007973e-08,1.373812769119879410e-03,7.233680928406420163e-08
1.550000000000000000e+01,1.247978603676313429e-03,7.394453911520614231e-08,1.253958405377741470e-03,7.141088349657735584e-08
1.559999999999999964e+01,1.225107851685954419e-03,7.300159719626534386e-08,1.105741094488055113e-03,7.050212235911077247e-08
1.569999999999999751e+01,1.200803367759597368e-03,7.206608726730810293e-08,9.657527660398566079e-04,6.959728689657247943e-08
5.000000000000000000e-01,4.957383260813683253e-03,7.112640578301969018e-05,1.154323081686720390e-03,6.882048692311671734e-05
5.200000000000000178e-01,5.129746852847582184e-04,6.573769297997907523e-05,1.992935286640098037e-04,6.370778680275739178e-05
5.400000000000000355e-01,4.658600272107041372e-04,6.069374155743838310e-05,7.076443493430908352e-05,5.888607326912850815e-05
5.600000000000000533e-01,5.093656490045258070e-04,5.664508077720965931e-05,1.188757778888088713e-04,5.469521371983226802e-05
5.799999999999999600e-01,6.335764060289772112e-04,5.271595972439307559e-05,1.459019421967255176e-04,5.099235618886000502e-05
5.999999999999999778e-01,8.236563875591952156e-04,4.922714153704357501e-05,2.727860003414163620e-04,4.757306402547806847e-05
6.199999999999999956e-01,8.982313346016482410e-04,4.640595739271416616e-05,2.018589268375680561e-04,4.454793609482409769e-05
6.400000000000000133e-01,1.043877105734039058e-03,4.339221114234517203e-05,1.715382369418262632e-04,4.189349707532915375e-05
6.600000000000000311e-01,1.087191861663685871e-03,4.082137243219923753e-05,1.027869907448925133e-04,3.933887411619442043e-05
6.800000000000001599e-01,1.322659437730565020e-03,3.840941207881591910e-05,4.295889111079494020e-05,3.707957280443199431e-05
6.999999999999999556e-01,1.533490086042944888e-03,3.612801694970028016e-05,8.281202815836330173e-05,3.498554363832804398e-05
7.199999999999999734e-01,1.626616179757663398e-03,3.419528036730672994e-05,1.010608410792159835e-04,3.319952736174988249e-05
7.400000000000001021e-01,1.969016785837196613e-03,3.248109223885327026e-05,4.865910830846741542e-05,3.139952266413032774e-05
7.599999999999998979e-01,2.316129826402599668e-03,3.072249829316013988e-05,9.299853552472676997e-05,2.973250939654835571e-05
7.800000000000000266e-01,2.835577436279257228e-03,2.914300063901163548e-05,1.029462737524892372e-04,2.812009885230266773e-05
8.000000000000000444e-01,3.659351863498199950e-03,2.779477013355930625e-05,9.172748764977704274e-05,2.681783613291836277e-05
8.199999999999998401e-01,4.811593447732413070e-03,2.645409259684451000e-05,1.284938277140742872e-04,2.553441163161270319e-05
8.399999999999999689e-01,6.814162948964572197e-03,2.518672932524574729e-05,1.666750996361210488e-04,2.432401116890213692e-05
8.599999999999999867e-01,1.188529334377599542e-02,2.395395470440003134e-05,3.360368175383848690e-04,2.315184759312261664e-05
8.800000000000000044e-01,4.970031748258172538e-02,2.291410094815501822e-05,1.529312796047785535e-03,2.213754654475660761e-05
9.000000000000000222e-01,2.982845560177885616e-02,2.193316211184074776e-05,9.440337387687444681e-04,2.118522147575832416e-05
9.200000000000000400e-01,1.541465406113262313e-02,2.099208005558706277e-05,4.174919101909582253e-04,2.027467152188311609e-05
9.399999999999999467e-01,9.384744373613503401e-03,2.014145975942692961e-05,2.293996596839008523e-04,1.946556194672498339e-05
9.599999999999999645e-01,6.881468817423509916e-03,1.926337859549626352e-05,1.624956493874621746e-04,1.858611383668824606e-05
9.799999999999999822e-01,5.433282282427130509e-03,1.852254223141550237e-05,1.867047010889246199e-04,1.788308520781481791e-05
1.000000000000000000e+00,4.807468919893314804e-03,1.776424552366580534e-05,1.365719154106843653e-04,1.715615601797063726e-05
1.020000000000000018e+00,4.103843976385988801e-03,1.709029259281171834e-05,1.105941356337580958e-04,1.649887877962386508e-05
1.040000000000000036e+00,3.651847659022088369e-03,1.646496710420061637e-05,1.121489524826080959e-04,1.589851764925303445e-05
1.060000000000000053e+00,3.385603083652103957e-03,1.582785720676812896e-05,8.911906444564746598e-05,1.527081781011769226e-05
1.080000000000000071e+00,3.182232508943289538e-03,1.522639141431159802e-05,1.598279361719037782e-04,1.471033854643741318e-05
1.100000000000000089e+00,2.826960024594186820e-03,1.469996139549674555e-05,1.001694121748482167e-04,1.420112349583862156e-05
1.120000000000000107e+00,2.673083484621601672e-03,1.415254427726533140e-05,7.909264818683116197e-05,1.367120820867362306e-05
1.139999999999999902e+00,2.447750979279725292e-03,1.365411367110729154e-05,9.671405393083693793e-05,1.319696260212333022e-05
1.159999999999999920e+00,2.355772000812444197e-03,1.319570178719847120e-05,9.951352751794674480e-05,1.276760553320365722e-05
1.179999999999999938e+00,2.305950775996407510e-03,1.274736245810950791e-05,9.203517435685270882e-05,1.232351481055471085e-05
1.199999999999999956e+00,2.275230126632963278e-03,1.235180182015367495e-05,2.274323216011651732e-04,1.189090761662188867e-05
1.219999999999999973e+00,2.196840010845977579e-03,1.194137404533398541e-05,7.020540794081911473e-05,1.154418700660598265e-05
1.239999999999999991e+00,2.118375179256177642e-03,1.154567473991776634e-05,5.903418599469283145e-04,1.116537532626627786e-05
1.260000000000000009e+00,2.013257258596841490e-03,1.118740506018150896e-05,2.568533432584851959e-04,1.080710639736925942e-05
1.280000000000000027e+00,2.013279367548337015e-03,1.085709429997249331e-05,3.885452476878307093e-04,1.046861752813335186e-05
1.300000000000000044e+00,1.804385698452858414e-03,1.050984754414209934e-05,1.442836604681314535e-04,1.016632664687103602e-05
1.320000000000000062e+00,1.770841999248685961e-03,1.020287644481940259e-05,4.487104928565082822e-05,9.861249272206616464e-06
1.340000000000000080e+00,1.712692975699225007e-03,9.890102743507559794e-06,7.369186418892099510e-05,9.553712610560680232e-06
1.360000000000000320e+00,1.692521953444915683e-03,9.617238708352332912e-06,7.270482903859547795e-05,9.280219926423539519e-06
1.379999999999999893e+00,1.646715008297629278e-03,9.345233398943456778e-06,5.059150911532534807e-05,9.023490284169232096e-06
1.399999999999999911e+00,1.604350772774894469e-03,9.067737221733283877e-06,3.758670357819874242e-05,8.766589090486073325e-06
1.419999999999999929e+00,1.573531101915315571e-03,8.809833628625978027e-06,6.113715949048132217e-05,8.509665482539853870e-06
1.439999999999999947e+00,1.545910929300387676e-03,8.572017950039473793e-06,6.730551999495400380e-05,8.279768617183073351e-06
1.459999999999999964e+00,1.516586903910344033e-03,8.319803461478558483e-06,5.869814489298262117e-05,8.049352016925722273e-06
1.480000000000000204e+00,1.502018353916505407e-03,8.117763444812714109e-06,5.550667370608678119e-05,7.835385470807861483e-06
4.299999999999999822e+00,7.217477632173883908e-04,9.612767293536290378e-07,7.873435188984224129e-04,9.283362857157146603e-07
4.320000000000000284e+00,7.129761115588987685e-04,9.520256617479483753e-07,8.253579565190927517e-04,9.193983803735044592e-07
4.339999999999999858e+00,7.025465102752814122e-04,9.432489369349217054e-07,8.686882845365139806e-04,9.109311913336401343e-07
4.360000000000000320e+00,6.938865220045945014e-04,9.349578718933881044e-07,9.201860022962552290e-04,9.029513530846855137e-07
4.379999999999999893e+00,6.794925544956091157e-04,9.263946685623380448e-07,9.698419274590568606e-04,8.946216038488003787e-07
4.400000000000000355e+00,6.717326523631852531e-04,9.173768615289723088e-07,1.032308724088456739e-03,8.859902440891343818e-07
4.419999999999999929e+00,6.551928485666874821e-04,9.093844483728509292e-07,1.101137185013807739e-03,8.782359555994335691e-07
4.440000000000000391e+00,6.421607703290961025e-04,9.011535087136300880e-07,1.179687898323373597e-03,8.702223685176769774e-07
4.459999999999999964e+00,6.234780103449095090e-04,8.934019853014759602e-07,1.272823729586748404e-03,8.628812778142525421e-07
4.480000000000000426e+00,6.075618819570292786e-04,8.852306075225419024e-07,1.367366932523937043e-03,8.549984418087312050e-07
4.500000000000000000e+00,5.893812205896245158e-04,8.772626705746998433e-07,1.466985269159818642e-03,8.472196822201711236e-07
4.519999999999999574e+00,5.706116426784397112e-04,8.695129155918883541e-07,1.570726966455564385e-03,8.395988097330484597e-07
4.540000000000000036e+00,5.509083545241686124e-04,8.617700563100980851e-07,1.686270665368201855e-03,8.320590401710254935e-07
4.559999999999999609e+00,5.255263799985405646e-04,8.541477720851614071e-07,1.828628089123128042e-03,8.250679777959021568e-07
4.580000000000000071e+00,4.971457677826221456e-04,8.468502453699763993e-07,2.001794478064310243e-03,8.178441844991601224e-07
4.599999999999999645e+00,4.633545432714015751e-04,8.398189284044376267e-07,2.224476327760688352e-03,8.109631421359929060e-07
4.620000000000000107e+00,4.209333468534941312e-04,8.318353682463834567e-07,2.516048287010607017e-03,8.034490271735600971e-07
4.639999999999999680e+00,3.696717900813679156e-04,8.250715467985728809e-07,2.907284540214717140e-03,7.965298611415771349e-07
4.660000000000000142e+00,3.048137987206544185e-04,8.179806003802121019e-07,3.493324453710496165e-03,7.899690329592416863e-07
4.679999999999999716e+00,2.581282157263627640e-04,8.110435081675784889e-07,4.389224109809466805e-03,7.832087981510035454e-07
4.700000000000000178e+00,4.073580483323879764e-04,8.045291785232515867e-07,6.143070181633858602e-03,7.762844097584077505e-07
4.719999999999999751e+00,1.098551063571338209e-03,7.977211660311949728e-07,9.696834242632733011e-03,7.704116293293375349e-07
4.740000000000000213e+00,1.898910293630471898e-03,7.907575196511679815e-07,1.217777501506208358e-02,7.635605072985032803e-07
4.759999999999999787e+00,2.027447085746026095e-03,7.839215530210361326e-07,1.105653846214824446e-02,7.571519489121432045e-07
4.780000000000000249e+00,1.857677943427622335e-03,7.775893765876456008e-07,8.987635002285762620e-03,7.507603422800393664e-07
4.799999999999999822e+00,1.663542296212996031e-03,7.706620941190622525e-07,7.232529169634485840e-03,7.443558968562170260e-07
4.820000000000000284e+00,1.495777894959843864e-03,7.644618526540083783e-07,5.916621693158594271e-03,7.383032568792062688e-07
4.839999999999999858e+00,1.363218349658929657e-03,7.582659580534183198e-07,4.911790964895099663e-03,7.323276519495268946e-07
4.860000000000000320e+00,1.254032938473741404e-03,7.523698141400161014e-07,4.150075892983361332e-03,7.266630150212349587e-07
4.879999999999999893e+00,1.168141229119476574e-03,7.460512676659595150e-07,3.570910910799910808e-03,7.206097252106073841e-07
4.900000000000000355e+00,1.099588480610859571e-03,7.397324862980063994e-07,3.124193888596376971e-03,7.143618966764433120e-07
4.919999999999999929e+00,1.043181939166894874e-03,7.339256046330863973e-07,2.771732109674697551e-03,7.087790240165189734e-07
4.940000000000000391e+00,9.944687540010504860e-04,7.282503932505473918e-07,2.481448339649566098e-03,7.033039836772664220e-07
4.959999999999999964e+00,9.524985281431598214e-04,7.217226321113254859e-07,2.242765997264760218e-03,6.970068124645446274e-07
4.980000000000000426e+00,9.162641801861600137e-04,7.161877624936073820e-07,2.040556949911078843e-03,6.917132796923318831e-07
5.000000000000000000e+00,8.802401985490575275e-04,7.105893972222145363e-07,1.867053925034300055e-03,6.862534504532100758e-07
5.019999999999999574e+00,8.493199733221146012e-04,7.047263969767547071e-07,1.722109009024303319e-03,6.805682836022802666e-07
5.040000000000000036e+00,8.189314900669228707e-04,6.989974746082268784e-07,1.595184988760571390e-03,6.750607462322592042e-07
5.059999999999999609e+00,7.935939785474838094e-04,6.938660526592230095e-07,1.483194807550581055e-03,6.700524718626418700e-07
5.080000000000000071e+00,7.666106966080232527e-04,6.883537482677300515e-07,1.384014380160772904e-03,6.647873070656936363e-07
5.099999999999999645e+00,7.405902880044326489e-04,6.831384406397216007e-07,1.293682173524854200e-03,6.597140217556155902e-07
5.120000000000000107e+00,7.163170783635400014e-04,6.777978625339006108e-07,1.216062758567499139e-03,6.546371317161079773e-07
5.139999999999998792e+00,6.922602548290950975e-04,6.726033091613702190e-07,1.145360549801179191e-03,6.495325661964880964e-07
5.160000000000000142e+00,6.674793350207408691e-04,6.672672712214204665e-07,1.075724342439941979e-03,6.444095973145328787e-07
5.179999999999999716e+00,6.434824292717374224e-04,6.621362962623789729e-07,1.018354441140993704e-03,6.394390358399649939e-07
5.200000000000000178e+00,6.175581731016666119e-04,6.566646656723137009e-07,9.619646981504573072e-04,6.341797182625772634e-07
5.219999999999999751e+00,5.935651841502559162e-04,6.516673781601122849e-07,9.104532648099421819e-04,6.293477669348889019e-07
5.240000000000000213e+00,5.664663589711641618e-04,6.470714068607031605e-07,8.606916435818901629e-04,6.249036878998485994e-07
5.259999999999999787e+00,5.399723945841577739e-04,6.421618579178151370e-07,8.177709310836665454e-04,6.201813699726289562e-07
5.280000000000000249e+00,5.090627558140638003e-04,6.372039953464345708e-07,7.727136974840817345e-04,6.154150824022804461e-07
5.299999999999999822e+00,4.832707605877092417e-04,6.324085793171928383e-07,7.322780755830065940e-04,6.107171319681650386e-07
5.320000000000000284e+00,4.511928227044019447e-04,6.275546406713747530e-07,6.932590053183030872e-04,6.060555724875708984e-07
5.340000000000000746e+00,4.186410397832633591e-04,6.229651791295708493e-07,6.545825662451220956e-04,6.016394203468315566e-07
5.360000000000000320e+00,3.844755775634353992e-04,6.184637406662173086e-07,6.187265418340709899e-04,5.972706604927354363e-07
5.379999999999999893e+00,3.473199887466177967e-04,6.136989250780123310e-07,5.802817161311106661e-04,5.926646324403791876e-07
5.400000000000000355e+00,3.075924863595624111e-04,6.093838268750824730e-07,5.460196039613466647e-04,5.885123567179061529e-07
5.419999999999999929e+00,2.667296059279734865e-04,6.047519692707937411e-07,5.105946638304542130e-04,5.840383891090872160e-07
5.440000000000001279e+00,2.198572665756283310e-04,6.004741533902366086e-07,4.738018053302151520e-04,5.798955066945932233e-07
5.459999999999999964e+00,1.699274969261387752e-04,5.956616528858502292e-07,4.380594767578921455e-04,5.752372409439213419e-07
5.480000000000000426e+00,1.180245861729811057e-04,5.917157067355550419e-07,3.997343316775184632e-04,5.714006413370578525e-07
5.499999999999999112e+00,6.952165099629671922e-05,5.872635130022329548e-07,3.606474683834458165e-04,5.671483338516243234e-07
5.519999999999999574e+00,6.120248083389048658e-05,5.828256877950227519e-07,3.189264183256423847e-04,5.631757926377391791e-07
5.540000000000000036e+00,1.180174623972717767e-04,5.790281320000805385e-07,2.741668172067344153e-04,5.591426659515579199e-07
5.559999999999998721e+00,2.010591856219900422e-04,5.747646269953232090e-07,2.262847385263632642e-04,5.551604394827528299e-07
5.580000000000000071e+00,2.988223212806594858e-04,5.705567208122846995e-07,1.681887748795871682e-04,5.509853534025790006e-07
5.599999999999999645e+00,4.151070346179120069e-04,5.666339900188902710e-07,1.154118896521903872e-04,5.470616711468230000e-07
5.620000000000000107e+00,5.506798890638982301e-04,5.625492225127336615e-07,7.236887054205633804e-05,5.432137242091394898e-07
5.639999999999999680e+00,7.141790481575578100e-04,5.584386673944008791e-07,8.692643417601565693e-05,5.395446355795495819e-07
5.659999999999999254e+00,9.112555725155687281e-04,5.545008021792628697e-07,1.604788356406591852e-04,5.355519852684790590e-07
5.679999999999999716e+00,1.154583531489691926e-03,5.505110002858394724e-07,2.632823242828361975e-04,5.316475087652512668e-07
5.700000000000000178e+00,1.461616028758909100e-03,5.470013953927663115e-07,4.000938435312378807e-04,5.282393103713243770e-07
5.719999999999999751e+00,1.863074479643457701e-03,5.431664789343846972e-07,5.836602934091764637e-04,5.245460095282681353e-07
5.740000000000000213e+00,2.431213910231655884e-03,5.391238471990502593e-07,8.540515260353052527e-04,5.206544811031935963e-07
5.759999999999999787e+00,3.286564445335959147e-03,5.353534502893089809e-07,1.284748579111921231e-03,5.170232259950052149e-07
5.780000000000000249e+00,4.962179230258091829e-03,5.316087884350707751e-07,2.196071476918561027e-03,5.134205846167638130e-07
5.799999999999999822e+00,1.315100972909217375e-02,5.278704724267716142e-07,8.343539314722330305e-03,5.097844736260760146e-07
5.820000000000000284e+00,1.169557094243014669e-02,5.243943644836389788e-07,8.224942874822000274e-03,5.064243409288990239e-07
5.839999999999999858e+00,9.686004789929094153e-03,5.209414781784902430e-07,7.299754553093290230e-03,5.030953344183057520e-07
5.860000000000001208e+00,7.722115313472490035e-03,5.171331618309981942e-07,6.385414457453609562e-03,4.994584470809886102e-07
5.879999999999999893e+00,6.067856246953326656e-03,5.136511762158897208e-07,5.706417366270814112e-03,4.960014266105298927e-07
5.900000000000000355e+00,5.122014798745749484e-03,5.102127067476489135e-07,5.147822021052184116e-03,4.928526019835370527e-07
5.920000000000000817e+00,5.570865192991059263e-03,5.068621352971727640e-07,3.905338652006109645e-03,4.895612194720547165e-07
5.940000000000000391e+00,5.454898860056686151e-03,5.033153054980303313e-07,2.174400278458166191e-03,4.864017088255780954e-07
5.959999999999999964e+00,4.922252046390303282e-03,5.001982094182268129e-07,1.177521965714773073e-03,4.829441031522654646e-07
5.980000000000000426e+00,4.422765195719801853e-03,4.966429976691103395e-07,6.859423029144523509e-04,4.798237697319442297e-07
6.000000000000000000e+00,4.022122493287154550e-03,4.934638574750853100e-07,4.969465060311250518e-04,4.765626761828666244e-07
6.019999999999999574e+00,3.695389594737822671e-03,4.901683678828299428e-07,4.717327314297145818e-04,4.732752469394134576e-07
6.040000000000000036e+00,3.433517052939899939e-03,4.871373071249920777e-07,5.005338053235911791e-04,4.704728482387545117e-07
6.059999999999999609e+00,3.215302061406740547e-03,4.838772456001875098e-07,5.348525436827374427e-04,4.673177595950849579e-07
6.079999999999999183e+00,3.032826957749076412e-03,4.805588840341461594e-07,5.608718305135680779e-04,4.640997846017800009e-07
6.099999999999999645e+00,2.879484571407284199e-03,4.773020994150904643e-07,5.770735412841236384e-04,4.609574189845164238e-07
6.120000000000000107e+00,2.748110295510051114e-03,4.741803488724277031e-07,5.876030817469736836e-04,4.579400414141329099e-07
6.139999999999998792e+00,2.634648991268829458e-03,4.713556626297001686e-07,5.923895186126049237e-04,4.552166820462629315e-07
6.160000000000000142e+00,2.534734027776268557e-03,4.681938206337643438e-07,5.932890308612686096e-04,4.521583699068116687e-07
6.179999999999999716e+00,2.446060722791530955e-03,4.650380937288840319e-07,5.917502151890416525e-04,4.491125971012201991e-07
6.200000000000000178e+00,2.367513097654404871e-03,4.623252509876551462e-07,5.881992686769085994e-04,4.464929980323599864e-07
6.219999999999999751e+00,2.299337441020022840e-03,4.592958857774821110e-07,5.838793280811173251e-04,4.435553768311156541e-07
6.240000000000000213e+00,2.238362099075390070e-03,4.562853116246842069e-07,5.790765157115987339e-04,4.406624836728418763e-07
6.259999999999999787e+00,2.181560365397264452e-03,4.533492107506052468e-07,5.742339536354558157e-04,4.378304314376585610e-07
6.280000000000000249e+00,2.132613773477334915e-03,4.505903991847464404e-07,5.674513616070741033e-04,4.351672812875861435e-07
6.299999999999999822e+00,2.085554871172743199e-03,4.475202005931557430e-07,5.600983019072049412e-04,4.322129048414619880e-07
6.320000000000000284e+00,2.044031597098166023e-03,4.448328114448396542e-07,5.547906549638450873e-04,4.295937865668620760e-07
6.340000000000000746e+00,2.003274036047117748e-03,4.419086291864517718e-07,5.466747423428292745e-04,4.267770550044354069e-07
6.360000000000000320e+00,1.967852050757433816e-03,4.392116858007002959e-07,5.408958475091048919e-04,4.241510839080126564e-07
6.379999999999999893e+00,1.933675793395011949e-03,4.362599351637115561e-07,5.357423317893852130e-04,4.213226465915433323e-07
6.400000000000000355e+00,1.904319533502251728e-03,4.336129083293267178e-07,5.276706666159943328e-04,4.187589679166028707e-07
6.419999999999999929e+00,1.875185747353297436e-03,4.309810609160696718e-07,5.211120649400596307e-04,4.162216896759525577e-07
6.440000000000001279e+00,1.847403824073796464e-03,4.283317628380979248e-07,5.156035921109059905e-04,4.136810580992323009e-07
6.459999999999999964e+00,1.822377134772797331e-03,4.255799505448570209e-07,5.091724483921762634e-04,4.110231762961591048e-07
6.480000000000000426e+00,1.798217005718529557e-03,4.231297234068578291e-07,5.030087410909743874e-04,4.086265486966586042e-07
6.500000000000000888e+00,1.776944173445434800e-03,4.204679573618035123e-07,4.975915207564541535e-04,4.060697105715907395e-07
6.519999999999999574e+00,1.755680214281476591e-03,4.178115881440846425e-07,4.904765747448818934e-04,4.035164238516656326e-07
6.540000000000000036e+00,1.736113842624509513e-03,4.154479546795091738e-07,4.857003774842671398e-04,4.012022275036216478e-07
6.559999999999998721e+00,1.717905893886000849e-03,4.127993289483419405e-07,4.807306029381334619e-04,3.986467012521596273e-07
6.580000000000000071e+00,1.699815819303308276e-03,4.103226663604604496e-07,4.759410282477706750e-04,3.962701989785108483e-07
6.599999999999999645e+00,1.682250340386364645e-03,4.078982262229910749e-07,4.708304813292374705e-04,3.939374626970125041e-07
1.480000000000000071e+01,1.012757943009114569e-03,8.111472928703244519e-08,4.196180109320197952e-04,7.831476811536689556e-08
1.482000000000000028e+01,1.010712626609637423e-03,8.088570581376183958e-08,4.417359855074576617e-04,7.811781271445376686e-08
1.483999999999999986e+01,1.007763140811350055e-03,8.067454078696588213e-08,4.653915009837155075e-04,7.791145712441608248e-08
1.485999999999999766e+01,1.005337400734470374e-03,8.044142319777292675e-08,4.912403405911741801e-04,7.770621266747582851e-08
1.488000000000000256e+01,1.002858081192171394e-03,8.022131398533807308e-08,5.187801895508325394e-04,7.748359026334204288e-08
1.490000000000000036e+01,1.000425296978057696e-03,8.002251993732564381e-08,5.507270486940123513e-04,7.727465932318235311e-08
1.491999999999999993e+01,9.978546574264004869e-04,7.980439283381506131e-08,5.839412054143164549e-04,7.707471733376408110e-08
1.493999999999999950e+01,9.946742930019535078e-04,7.957919178154647968e-08,6.180778307123402501e-04,7.687283788251100880e-08
1.496000000000000085e+01,9.921222803585655857e-04,7.937457069817476462e-08,6.601784067006320278e-04,7.667083502988624312e-08
1.498000000000000043e+01,9.897152142233844267e-04,7.916749211489757889e-08,7.093929900168552665e-04,7.644758109794016925e-08
1.499999999999999822e+01,9.877453440946426955e-04,7.895390365388444678e-08,7.609839451314431760e-04,7.625025820012710534e-08
1.501999999999999957e+01,9.871909874790024166e-04,7.874977982791314329e-08,8.289268529645040526e-04,7.604985496736494500e-08
1.503999999999999915e+01,9.892981361792401937e-04,7.853514395434031944e-08,9.115295057967652635e-04,7.583641294037042326e-08
1.506000000000000050e+01,9.954618497770842053e-04,7.832949133449753991e-08,1.005406030423124444e-03,7.563649314077486887e-08
1.508000000000000007e+01,1.039590250330612751e-03,7.811982904970455755e-08,1.176918381183021884e-03,7.544297608325399647e-08
1.509999999999999964e+01,1.081264832780519424e-03,7.790794730671292466e-08,1.276561673810187609e-03,7.524326474272005790e-08
1.511999999999999744e+01,1.109031663098827706e-03,7.769633265070550304e-08,1.353283773182496590e-03,7.504478454909264702e-08
1.514000000000000234e+01,1.132832842271224620e-03,7.751079562449040197e-08,1.411102466778434714e-03,7.484462666646788928e-08
1.516000000000000014e+01,1.156543042186241156e-03,7.729634518526463463e-08,1.462640754836942161e-03,7.464878521340171555e-08
1.517999999999999972e+01,1.176333746467949195e-03,7.708900089185824478e-08,1.494084562261082001e-03,7.445941950013812423e-08
1.519999999999999929e+01,1.195015746696427138e-03,7.688768967278542237e-08,1.519786036647751424e-03,7.424435217461506718e-08
1.522000000000000064e+01,1.209732551869478756e-03,7.667738080565055143e-08,1.536849530827303625e-03,7.406518480176480753e-08
1.524000000000000021e+01,1.221991210704202096e-03,7.648314226523351421e-08,1.545683715390575941e-03,7.386442877998139198e-08
1.526000000000000156e+01,1.234107590280175996e-03,7.627849293434432377e-08,1.549749953608375863e-03,7.367320995045098939e-08
1.527999999999999936e+01,1.242663096391598016e-03,7.608061121610708582e-08,1.548044866146026585e-03,7.348955407310406697e-08
1.530000000000000071e+01,1.249147420623238861e-03,7.588507513929852705e-08,1.541310781935303995e-03,7.329865872390159771e-08
1.531999999999999851e+01,1.255363212691053363e-03,7.569052462067700394e-08,1.529054192009679600e-03,7.309655420830310285e-08
1.533999999999999986e+01,1.259293703084105997e-03,7.549728329427617186e-08,1.514549436514912775e-03,7.291383425461410071e-08
1.535999999999999943e+01,1.262216278202147332e-03,7.529024588694205257e-08,1.499473458984295965e-03,7.272221255781423137e-08
1.538000000000000078e+01,1.265112366501796020e-03,7.511199364811756190e-08,1.489222686666691288e-03,7.253235878684346651e-08
1.540000000000000036e+01,1.266978504421779287e-03,7.491166218864992815e-08,1.476697013372117338e-03,7.234243273872294249e-08
1.541999999999999993e+01,1.268473283045462498e-03,7.471175369071745542e-08,1.463020455697918842e-03,7.215169949208321151e-08
1.543999999999999950e+01,1.268776698388304975e-03,7.450849701798204375e-08,1.447577031548213716e-03,7.195709856712950548e-08
1.546000000000000263e+01,1.269229616431472030e-03,7.431442946240217536e-08,1.432151758141630418e-03,7.177283733081531632e-08
1.548000000000000043e+01,1.269621412617767285e-03,7.413067733251710043e-08,1.418220103164579728e-03,7.159055421313130938e-08
1.550000000000000000e+01,1.268862911444183740e-03,7.394100965317205973e-08,1.401942247951807946e-03,7.140704699313963915e-08
1.551999999999999957e+01,1.267811332025404981e-03,7.374264850674932670e-08,1.385217046488564085e-03,7.121540642708239944e-08
1.553999999999999915e+01,1.265905902269893026e-03,7.357380947638038509e-08,1.367031921651288163e-03,7.105513234678501531e-08
1.556000000000000050e+01,1.262707969980847661e-03,7.338257754655257878e-08,1.341386767799953358e-03,7.086929332402882921e-08
1.557999999999999829e+01,1.258413393121986896e-03,7.318497456532348862e-08,1.313491588723015614e-03,7.067875205763658932e-08
1.559999999999999964e+01,1.254513595557665102e-03,7.299569557433618834e-08,1.283905738881390866e-03,7.049716091590680815e-08
1.561999999999999922e+01,1.248794735402895166e-03,7.281876848018398756e-08,1.250622425130790659e-03,7.032595403928672063e-08
1.564000000000000057e+01,1.243412269588755345e-03,7.262223782019448284e-08,1.215986048014953622e-03,7.013572634410655134e-08
1.566000000000000014e+01,1.237606913568123747e-03,7.243934598827856166e-08,1.181026377535879246e-03,6.995858187457507065e-08
1.567999999999999972e+01,1.231720269362881126e-03,7.225937888156083595e-08,1.149246668709675992e-03,6.978473398901656392e-08
1.569999999999999751e+01,1.226152726931216711e-03,7.205887744566809324e-08,1.115501954675465496e-03,6.959100654639493400e-08
