Frequency[Hz], Hx, sHx, Hy, sHy, PhaseX[rad], sPhaseX, PhaseY[rad], sPhaseY
1.000000000000000000e+00,5.807271001930347889e-05,1.778339945347702216e-05,4.541361286064812624e-04,1.716158321660665202e-05,2.164855151306406711e+00,6.246202190526162212e-01,5.016455136510478141e-02,7.760620166276359366e-02
1.100000000000000089e+00,6.045424455418885797e-05,1.467067557223216400e-05,6.424925614090950350e-04,1.416758452342163560e-05,-5.692058435158515728e-01,5.051079094628216914e-01,5.833875490640316741e-02,4.557039974784133501e-02
1.199999999999999956e+00,6.527695301838636467e-05,1.232268390838070770e-05,7.668563681721503236e-04,1.193083638063096291e-05,-5.722028478751135516e-01,3.839046887339643277e-01,6.496253492398507134e-02,3.135716575571765447e-02
1.300000000000000044e+00,4.483997880850842255e-05,1.051124168272407219e-05,1.110735780568288889e-03,1.014697304518314372e-05,-3.339854211077044610e-01,4.854490650121394690e-01,2.126686539397404374e-02,1.896910189060281235e-02
1.300000000000000044e+00,5.318205270744320737e-05,1.049888559166876079e-05,1.126080874076495217e-03,1.013845850526473606e-05,-7.443841024216486524e-01,4.061940140256172782e-01,-2.013997151622337611e-02,1.855190038860545648e-02
1.320000000000000062e+00,4.446382851289145592e-05,1.019058988806736204e-05,1.165657883363913983e-03,9.853928148092488208e-06,-1.342559824099167631e+00,4.660248301656924053e-01,6.308392145078034474e-02,1.704983934433213985e-02
1.340000000000000080e+00,6.884339550932977306e-05,9.901443057788374637e-06,1.265797955534549201e-03,9.552304942552442021e-06,3.967548766161765883e-02,2.950386659635634845e-01,-1.379840108773322527e-02,1.551650097576233282e-02
1.360000000000000320e+00,2.898286524881219203e-05,9.617319354985501579e-06,1.358699787570879494e-03,9.290073898627415275e-06,-6.251690805245955218e-01,6.702302493655845073e-01,-1.676312075589070361e-02,1.378727400579570460e-02
1.379999999999999893e+00,4.328427327092930331e-05,9.317183156138910666e-06,1.472198419259119475e-03,8.992515235453617673e-06,-5.051314779676649991e-01,4.334959227589386122e-01,-2.351018948437255673e-02,1.233876435525643571e-02
1.399999999999999911e+00,4.943900733991385887e-05,9.073923903215024028e-06,1.567707003815545968e-03,8.751950614192385765e-06,-3.383907972116082519e-01,3.771593159215532731e-01,1.462222609919905381e-03,1.151109768722560767e-02
1.399999999999999911e+00,4.373761352057934282e-05,9.048491622473123967e-06,1.581625611238897085e-03,8.745413820824539879e-06,4.338271983969361756e-01,4.248254466843697785e-01,4.745173040423544819e-03,1.133544783884017637e-02
1.419999999999999929e+00,5.008190689033808482e-05,8.805229445197416247e-06,1.681803018093654123e-03,8.509152815303359165e-06,-7.579711451395523270e-01,3.625430379223699151e-01,-2.708699925783975004e-02,1.039962845727170244e-02
1.439999999999999947e+00,5.982113598992638696e-05,8.568004848495262463e-06,1.817031190803889383e-03,8.283988980475931777e-06,-4.932316913867724750e-01,2.950476071278779200e-01,-9.635847329941604755e-03,9.385023682854260266e-03
1.459999999999999964e+00,5.658925603166486653e-05,8.323378239228742254e-06,1.982795753043084357e-03,8.037817508241382287e-06,-4.419631644238917190e-01,2.973987725872319077e-01,-3.122964050853616058e-02,8.195242070964291886e-03
1.480000000000000204e+00,6.994454691715498999e-05,8.102518926041858010e-06,2.159270113764790149e-03,7.826410487551433451e-06,1.312676261360281593e-01,2.360185667091954098e-01,-1.740600181492935050e-02,7.376627228232400177e-03
1.500000000000000000e+00,7.839753821390356805e-05,7.895440558381544075e-06,2.374804631260328189e-03,7.625504603123532931e-06,-1.213565318813936145e-01,2.071127860488823635e-01,-2.434546355927125205e-02,6.604408872109147899e-03
1.500000000000000000e+00,7.489173633752574139e-05,7.899135513199694654e-06,2.398230944402540438e-03,7.625172645193517428e-06,-6.108844148445307098e-01,2.119614058500780274e-01,7.073718569716724858e-04,6.403388577789425121e-03
1.519999999999999796e+00,6.939418190696981358e-05,7.700926106109935428e-06,2.622109066452297296e-03,7.432111416169986250e-06,-5.203673594866984331e-01,2.243294733285108866e-01,-2.223545956853101302e-02,5.749308857779552966e-03
1.540000000000000036e+00,8.846632224590577091e-05,7.479189094931905584e-06,2.919601266955972919e-03,7.224852375210808493e-06,-4.007219354952802348e-01,1.710376620393108671e-01,-1.549364437236633307e-02,5.000494219451471177e-03
1.560000000000000053e+00,9.317369364732677587e-05,7.298415933732022350e-06,3.268658392510226818e-03,7.044676862232056323e-06,-1.373811378259306437e-01,1.614999211640407439e-01,-3.049593152895635484e-02,4.450860940216004071e-03
1.580000000000000071e+00,1.230320408584228162e-04,7.113295077410797399e-06,3.648586406543885031e-03,6.871720943493926139e-06,1.770336572154240784e-01,1.189075295571628832e-01,-2.366744495765793488e-02,3.868371336607637385e-03
1.600000000000000089e+00,1.282330964556343633e-04,6.947471690084939176e-06,4.219056598192455314e-03,6.707801306489564547e-06,-3.315044734483265643e-01,1.111488843415073258e-01,-3.266022731250739497e-02,3.267099697023619249e-03
1.600000000000000089e+00,1.399336369994667005e-04,6.936370753917870615e-06,4.243780346472969187e-03,6.698666687402769131e-06,-7.549826669571091387e-02,1.000192936864566645e-01,-2.446569972880130450e-02,3.184379531386974990e-03
1.620000000000000107e+00,1.491636076330527417e-04,6.758666635783714236e-06,4.872303347559947539e-03,6.527344460759170307e-06,-1.028261883821186551e-01,9.156339036978311530e-02,-6.072184372904665395e-02,2.706937709837510357e-03
1.639999999999999680e+00,1.818381395097185319e-04,6.606459686455077621e-06,5.801314102102216562e-03,6.378150784477681226e-06,-1.523841737255571260e-02,7.356663975985962278e-02,-4.484035695385024667e-02,2.227397320671238579e-03
1.659999999999999920e+00,2.154999399652208570e-04,6.449218944715327922e-06,7.108232415346243428e-03,6.226419756116288617e-06,-1.261954572619705672e-01,6.123337123794377751e-02,-8.895281712727243217e-02,1.793415520377354948e-03
1.679999999999999938e+00,2.824532756967440268e-04,6.298614883669793867e-06,9.058434239091476409e-03,6.082625254473664558e-06,-2.032052489351712232e-01,4.500884603834912762e-02,-8.515642532094247485e-02,1.355791289825628845e-03
1.699999999999999956e+00,4.083957959381967354e-04,6.142668854651034987e-06,1.277740705851024457e-02,5.930771976816060363e-06,-2.080697619749551919e-01,3.113414318705543665e-02,-1.677190502724226207e-01,9.613926791624673000e-04
1.699999999999999956e+00,4.141257422412051811e-04,6.147813174376391336e-06,1.299654961101527791e-02,5.935928170161908344e-06,-3.105505383810474029e-01,3.058572784943553238e-02,-2.139206182594488581e-01,9.418299396643869210e-04
1.719999999999999973e+00,7.415320885242012491e-04,6.012875899346823979e-06,2.231823933499306120e-02,5.807122871434963609e-06,-3.334285275572073104e-01,1.654860254593712443e-02,-2.419517417249377189e-01,5.309144660911562907e-04
1.739999999999999991e+00,2.083808468818595418e-03,5.863840252056157845e-06,6.005603049568098567e-02,5.663177790573136746e-06,-1.182836927920938308e+00,5.774506254805374279e-03,-1.134135135322233090e+00,1.934985073371961082e-04
1.760000000000000009e+00,1.507636230106735448e-03,5.739405777921217516e-06,4.469038031836602975e-02,5.543204943471744375e-06,-2.712826250405034223e+00,7.761918783840635223e-03,-2.698618686155741742e+00,2.528711350884185857e-04
1.780000000000000027e+00,9.183132269303239531e-04,5.605594440775394616e-06,2.780688722765597976e-02,5.413210507016439431e-06,-2.655096192694086810e+00,1.256798621626673690e-02,-2.628786358354266994e+00,4.008991345016002040e-04
1.800000000000000044e+00,6.086837276212295981e-04,5.489207604014712910e-06,1.884686247500606815e-02,5.301508385159843807e-06,-3.007817910434100739e+00,1.810870675934029769e-02,-2.966257430097254844e+00,5.647076520992738973e-04
1.800000000000000044e+00,5.961774504906194525e-04,5.483583180556525078e-06,1.851098435388984914e-02,5.295123345526772974e-06,-2.821959789614082226e+00,1.859642565940946429e-02,-2.758200623659767814e+00,5.786433466874137989e-04
1.820000000000000062e+00,4.274064628239678107e-04,5.364741208004668047e-06,1.377291559294681680e-02,5.181141499620123954e-06,-3.014866307823981906e+00,2.557528131705976218e-02,-2.997222820398379284e+00,7.664143407183548811e-04
1.840000000000000080e+00,3.442256922181276312e-04,5.245122222188321166e-06,1.100822118465588119e-02,5.065822362680009346e-06,-3.058696685160309237e+00,3.069238854878851563e-02,-3.015970990635724824e+00,9.266231473431265318e-04
1.860000000000000320e+00,2.657814448187205761e-04,5.139970736347059531e-06,9.057568036133339592e-03,4.963958892537241439e-06,-3.011111038017201480e+00,3.938647329841737932e-02,-3.071464342039067930e+00,1.116161947299184254e-03
1.879999999999999893e+00,2.256168080561767291e-04,5.019859949297869598e-06,7.698661712790994503e-03,4.848058490471916986e-06,-3.061942911689447211e+00,4.542722450904847914e-02,-3.071559584047868441e+00,1.285672669486675156e-03
1.899999999999999911e+00,2.117899477759250311e-04,4.917513472493267613e-06,6.745945395854818262e-03,4.748939457460821341e-06,-3.125415827996954388e+00,4.713250014837560425e-02,-3.084106836535955409e+00,1.429336643780152252e-03
1.899999999999999911e+00,1.979502723508784630e-04,4.920159301626579479e-06,6.827105595962291648e-03,4.751906747893027045e-06,-3.033123790194585112e+00,5.020205344013833199e-02,-3.081548905432617502e+00,1.405479969024154814e-03
1.919999999999999929e+00,1.823353592027250408e-04,4.820775652704126475e-06,5.973979203194075202e-03,4.654793161425442585e-06,-3.164412014995241051e+00,5.356777584776122730e-02,-3.099757486988098165e+00,1.579655773714816729e-03
1.939999999999999947e+00,1.478078953564777507e-04,4.714171026395893289e-06,5.374626561217005563e-03,4.553839704504328874e-06,-3.306367672326635088e+00,6.515009459137917347e-02,-3.096864669207739951e+00,1.729346014202993260e-03
1.959999999999999964e+00,1.365302141515670805e-04,4.627806178647470441e-06,4.936276494334707575e-03,4.469749369915914089e-06,-3.095090104295630695e+00,6.916463510833918693e-02,-3.107156844659648698e+00,1.847228619016548327e-03
1.980000000000000204e+00,1.260469054631552655e-04,4.535159517613909795e-06,4.521910442891949322e-03,4.380004957256592195e-06,-3.108423980558864042e+00,7.228267859082930513e-02,-3.115509589693069348e+00,1.945822184475328072e-03
2.000000000000000000e+00,1.229476705476906565e-04,4.441010478615243673e-06,4.198789479160521670e-03,4.289134405523356583e-06,-3.034866177548967592e+00,7.410435287743094568e-02,-3.115386574908391992e+00,2.094893654385864088e-03
2.000000000000000000e+00,1.167716196283752041e-04,4.441157398311236939e-06,4.205557573266416500e-03,4.289130839558540195e-06,-3.098149477126110440e+00,7.746343187907749062e-02,-3.110947162314602110e+00,2.077210606079548869e-03
2.020000000000000018e+00,1.156332300220321111e-04,4.358011275068769716e-06,3.930242172839091587e-03,4.208364572961478997e-06,-3.136627616468792290e+00,7.594246605710143483e-02,-3.122902223702340052e+00,2.158098359170637463e-03
2.040000000000000036e+00,9.836966563599897648e-05,4.266094230155364628e-06,3.680746600643745176e-03,4.119212535510242200e-06,-3.041584640221866920e+00,8.732657730579887478e-02,-3.126432944356221544e+00,2.254955186246929231e-03
2.060000000000000053e+00,9.480472975998054878e-05,4.182779238556318818e-06,3.479889347574892811e-03,4.039002806910281755e-06,-3.123591651692018800e+00,9.074280188700931116e-02,-3.129071871879562039e+00,2.387786611657557751e-03
2.080000000000000071e+00,8.695003167994642588e-05,4.105826595295383844e-06,3.306412798311196555e-03,3.965158979594026873e-06,-3.270799204205180999e+00,9.690437643474768270e-02,-3.133213794647611294e+00,2.461997606789474626e-03
2.100000000000000089e+00,8.998541623224948628e-05,4.027257252460333511e-06,3.143323648635676371e-03,3.887762581203847762e-06,-2.833641311654318873e+00,8.997785462652417576e-02,-3.132639451934731589e+00,2.491306047428269201e-03
2.100000000000000089e+00,7.761965452354434845e-05,4.025354268547092811e-06,3.148934156592247350e-03,3.887445804082423894e-06,-3.113991992109029994e+00,1.044572441700805376e-01,-3.136640462053017053e+00,2.486828080359592200e-03
2.120000000000000107e+00,8.579123680326458440e-05,3.955627244534519314e-06,3.005654838707215188e-03,3.820910234891710317e-06,-3.042199458654121447e+00,9.291339309232095334e-02,-3.140228330007996060e+00,2.560011471726094008e-03
2.140000000000000124e+00,7.563826440447544270e-05,3.882784424491164494e-06,2.876103405674714820e-03,3.749920620464049253e-06,-2.962498589976914509e+00,1.041893700369925235e-01,-3.139764262725540434e+00,2.647102992278971365e-03
2.160000000000000142e+00,7.681004974177701354e-05,3.808457707424847630e-06,2.762243206502736081e-03,3.678042560235837683e-06,-2.956654141304472017e+00,9.964678032454317436e-02,-3.146165472272501873e+00,2.677205991689245255e-03
2.180000000000000160e+00,6.789948441758083153e-05,3.739984805975547349e-06,2.666579763662622806e-03,3.611883775291180496e-06,-3.087936245622818099e+00,1.121244539439880117e-01,-3.145180599930990972e+00,2.757020730206173088e-03
2.200000000000000178e+00,7.576664119009633084e-05,3.668307197238509920e-06,2.571805714024172178e-03,3.543218680839739797e-06,-3.131890954239605840e+00,9.931730288222759273e-02,-3.142193342844173287e+00,2.825188211328281442e-03
2.200000000000000178e+00,6.705481203961962723e-05,3.666396296083903555e-06,2.578262079656848393e-03,3.540765935471160210e-06,-3.094797824558901400e+00,1.113522644495085895e-01,-3.148614248674197924e+00,2.797076376535599478e-03
2.220000000000000195e+00,7.792560694634265552e-05,3.601372026134880155e-06,2.487299351161131097e-03,3.479473007576698481e-06,-2.822494105230000105e+00,9.371176866821730178e-02,-3.145258373379826722e+00,2.831288801301134767e-03
2.240000000000000213e+00,7.102750744212205005e-05,3.538761967188361598e-06,2.408697616648241592e-03,3.418193996916246949e-06,-3.032545032919339079e+00,1.007769077986464673e-01,-3.146865715422649146e+00,2.868296504346073798e-03
2.259999999999999787e+00,6.219550587186402108e-05,3.477662959386807509e-06,2.337890728166011449e-03,3.359242199379886057e-06,-2.885902041297957243e+00,1.134458775013077320e-01,-3.146180327718496095e+00,2.913220408825418616e-03
2.279999999999999805e+00,5.867874639980623618e-05,3.418921782031192436e-06,2.268300111154095480e-03,3.301092529822600643e-06,-2.864468071943250926e+00,1.182247194225302805e-01,-3.149118904618308790e+00,2.956000726585558940e-03
2.299999999999999822e+00,5.757927305129551459e-05,3.355492896594326129e-06,2.213817687447949996e-03,3.240231407864443305e-06,-2.969495693969300021e+00,1.197303015196415077e-01,-3.149194304035814795e+00,3.008433257000262245e-03
2.299999999999999822e+00,6.856332951719942956e-05,3.356142791277012220e-06,2.212531732295993162e-03,3.242276504211775353e-06,-3.009012009040568092e+00,9.908306113139991878e-02,-3.151446403632670368e+00,2.962871198711233833e-03
2.319999999999999840e+00,5.667979785137007185e-05,3.298859476616785932e-06,2.154837804330156457e-03,3.186299452950031745e-06,-2.919828450121527919e+00,1.181869381993429780e-01,-3.155380124435592570e+00,3.001723702935671454e-03
2.339999999999999858e+00,5.319429355540638898e-05,3.244287626018396934e-06,2.106633955007385355e-03,3.132468474522957573e-06,-2.825670131271383667e+00,1.224895305130129369e-01,-3.154380951409136991e+00,2.990484118143850022e-03
2.359999999999999876e+00,5.300405652165944624e-05,3.192280074105640519e-06,2.051053609105384350e-03,3.083068027659355356e-06,-3.043969712711643183e+00,1.222766581331116847e-01,-3.145168042878793813e+00,3.051279456880806682e-03
2.379999999999999893e+00,5.096124725870444615e-05,3.136939222416503637e-06,2.011396613002751355e-03,3.028454139118725719e-06,-3.048465184561804264e+00,1.248992887929211010e-01,-3.157069320984998484e+00,3.058230359062279798e-03
2.399999999999999911e+00,5.305033178702441097e-05,3.083993815792249971e-06,1.956974421793148799e-03,2.976842386230361455e-06,-3.324606486473873801e+00,1.175831873613332468e-01,-3.162838825207112237e+00,3.081418818113727635e-03
2.399999999999999911e+00,5.713885742934817868e-05,3.084373440468179530e-06,1.961371644852201099e-03,2.978561297868976028e-06,-3.195694314264917679e+00,1.095697159612915167e-01,-3.154080041172186100e+00,3.082675053991790204e-03
2.419999999999999929e+00,5.618672251933776911e-05,3.032137445005487438e-06,1.926959305728284493e-03,2.929053881631424029e-06,-3.227258984879865622e+00,1.096806536960074491e-01,-3.158208614109869750e+00,3.087069520620797786e-03
2.439999999999999947e+00,5.061864833402179284e-05,2.985956045637363055e-06,1.892868685327126887e-03,2.883935703837495414e-06,-3.039657319202238916e+00,1.199970110717863692e-01,-3.158576769847623922e+00,3.097737072118009194e-03
2.459999999999999964e+00,4.654198157390636428e-05,2.937066038796426172e-06,1.845495540879940393e-03,2.836005238366368199e-06,-3.290930176466706492e+00,1.267606535666100931e-01,-3.159869445346407346e+00,3.086621794220363851e-03
2.479999999999999982e+00,4.442657017558712841e-05,2.889473590414753228e-06,1.810655182775857373e-03,2.790113734267563554e-06,-3.050387889227679672e+00,1.318527743248457396e-01,-3.164747523886981995e+00,3.125838000239437083e-03
2.500000000000000000e+00,4.707418474739610278e-05,2.842506530762765947e-06,1.774515955381463124e-03,2.745045018110467086e-06,-3.049399878755797211e+00,1.213051774261696969e-01,-3.155470902435940417e+00,3.108749149339717303e-03
2.500000000000000000e+00,5.204819656159229342e-05,2.843448292126529794e-06,1.778755333321674218e-03,2.745015351633703328e-06,-2.798938205167176729e+00,1.096296087163060456e-01,-3.166468187747735641e+00,3.101722806256121661e-03
2.600000000000000089e+00,4.220161779825955597e-05,2.628961976859585418e-06,1.636603947366785643e-03,2.539439326066286599e-06,-2.865138847919861398e+00,1.256167110801173215e-01,-3.169342573016624698e+00,3.124862596545604967e-03
2.700000000000000178e+00,3.610025841709035556e-05,2.439040367086016900e-06,1.520126858343981294e-03,2.355146965565848626e-06,-3.114228398435150869e+00,1.355552777437245837e-01,-3.172637995263546173e+00,3.109548840436537377e-03
2.799999999999999822e+00,3.456837990929340792e-05,2.267531901429947879e-06,1.431780895345979333e-03,2.190187679254590679e-06,-2.761835077378462344e+00,1.327413514483577472e-01,-3.178851646182203616e+00,3.094950066766821196e-03
2.899999999999999911e+00,3.653129379340942036e-05,2.111742153284095231e-06,1.350000936121240492e-03,2.039712098543352345e-06,-3.017162437382932438e+00,1.174601957443678207e-01,-3.178502043538704136e+00,3.068081051609461776e-03
3.000000000000000000e+00,2.925108702467554321e-05,1.973581274131529483e-06,1.285798525477914326e-03,1.906245670854919594e-06,-3.123461509779052125e+00,1.365823028102968739e-01,-3.201099418512574069e+00,3.000587044017914186e-03
3.100000000000000089e+00,2.606603458282771493e-05,1.849278808971356437e-06,1.226543607569981599e-03,1.786021090804519289e-06,-3.179175327378472637e+00,1.439845427758944252e-01,-3.194605803244900954e+00,2.954817060468329770e-03
3.200000000000000178e+00,2.591732656899587426e-05,1.735548857157256149e-06,1.163693814589069741e-03,1.676632624772563017e-06,-2.760782816290480390e+00,1.357038085577801645e-01,-3.194971108843434493e+00,2.915310845253977004e-03
3.299999999999999822e+00,2.107049896841508825e-05,1.630768216296754629e-06,1.109752404851610010e-03,1.575509897152987492e-06,-2.954066190461372976e+00,1.559984372466030611e-01,-3.202348983532917970e+00,2.857726994582470304e-03
3.399999999999999911e+00,1.754890474372181074e-05,1.536729956231020477e-06,1.061556026232463208e-03,1.483755310980203229e-06,-2.938083058474612486e+00,1.769032436989148027e-01,-3.216354844205698171e+00,2.825439366880989466e-03
3.500000000000000000e+00,1.750630232870246600e-05,1.450021277062210213e-06,1.011582593416834571e-03,1.400524180673988794e-06,-2.824345190235538983e+00,1.665276233005962558e-01,-3.214866048360694784e+00,2.781515108987203840e-03
3.600000000000000089e+00,1.370132733167530776e-05,1.370696142239603009e-06,9.578798171216184373e-04,1.323438099489776404e-06,-3.069124673015148019e+00,2.020888337347863939e-01,-3.217473272644808091e+00,2.793139763761131201e-03
3.700000000000000178e+00,1.255158343224811317e-05,1.298402984777689911e-06,9.086416753062577078e-04,1.253151814898410403e-06,-2.562036530454730787e+00,2.085509920169743570e-01,-3.226309805950348775e+00,2.786126410396546921e-03
3.799999999999999822e+00,6.390540905030263318e-06,1.230174767535574636e-06,8.514662089337269235e-04,1.188846760343597387e-06,-2.203918149534835003e+00,3.870636961783350261e-01,-3.231433418608222752e+00,2.799781700862949158e-03
3.799999999999999822e+00,5.684034812063850815e-06,1.230474976886983657e-06,8.514541404294116668e-04,1.188292318052565594e-06,-2.212547409491723904e+00,4.393286942932129180e-01,-3.227069443164271689e+00,2.835388488836589147e-03
3.819999999999999840e+00,6.968214351095999868e-06,1.217835105567916516e-06,8.375555763313158146e-04,1.175833049152317234e-06,-2.604764987960134448e+00,3.532151915495597150e-01,-3.227956454796069075e+00,2.836367565730474848e-03
3.839999999999999858e+00,7.769972238091651107e-06,1.204765275626873858e-06,8.274437245842873991e-04,1.163413631924676172e-06,-1.697451200126285364e+00,3.123306196261532164e-01,-3.238331853877227218e+00,2.838300760124258006e-03
3.859999999999999876e+00,3.662702419717242600e-06,1.192056058671933280e-06,8.127060141394313328e-04,1.151788373833953058e-06,-1.876951964195956224e+00,6.556658203079511749e-01,-3.234993667781408178e+00,2.851356591578211534e-03
3.879999999999999893e+00,4.744376042710268432e-06,1.180085802059967490e-06,7.980573263739012321e-04,1.139470241079049137e-06,-3.440733609152166750e-01,5.003726698200224865e-01,-3.234814285154669733e+00,2.874676028425623021e-03
3.899999999999999911e+00,6.443720598929142836e-06,1.168027019422852767e-06,7.877895457229348343e-04,1.127754269928177907e-06,-1.387925534965981811e+00,3.651368043756378912e-01,-3.236983405675772474e+00,2.890090717716068541e-03
3.899999999999999911e+00,3.863406365333665170e-06,1.167877052479452041e-06,7.902741172996834108e-04,1.127586704426219418e-06,-1.801370508748775912e+00,6.087871756029807901e-01,-3.238665127076826522e+00,2.879597580236116765e-03
3.919999999999999929e+00,4.905016632647051674e-06,1.155924391825305795e-06,7.739622791835175592e-04,1.116489795619061188e-06,-1.255735608621376898e+00,4.769546623184444667e-01,-3.232145585851709413e+00,2.913777152752455857e-03
3.939999999999999947e+00,7.823717110122422274e-06,1.143912080632999320e-06,7.590752535524850032e-04,1.104762435225656134e-06,-1.059686719878724759e+00,2.974540729991644872e-01,-3.232366577063800150e+00,2.958415968232118443e-03
3.960000000000000409e+00,8.457039169302786095e-06,1.132170397842771753e-06,7.454314325486444300e-04,1.093878562764328832e-06,-7.750207404938933564e-01,2.707600932550969230e-01,-3.244394379205463252e+00,2.963303684230985703e-03
3.979999999999999982e+00,7.256984428230226081e-06,1.121653850131170759e-06,7.307272350313441306e-04,1.083513989668204715e-06,-7.068325783570839072e-01,3.103922417412688928e-01,-3.236576541660131312e+00,2.973266371960949905e-03
4.000000000000000000e+00,1.105324799824223972e-05,1.110035012841574790e-06,7.151790922567628078e-04,1.072271101009891203e-06,-2.857447433932058800e-01,2.036277313833693148e-01,-3.237890143251940245e+00,3.039557125662432305e-03
4.000000000000000000e+00,7.972482800496646523e-06,1.110515619140926599e-06,7.172486773837081272e-04,1.072269549122788924e-06,-4.252246447989951328e-01,2.796584933955662544e-01,-3.244913770898330441e+00,3.002879997981333822e-03
4.019999999999999574e+00,1.161536169213013407e-05,1.099408037782593694e-06,6.994405256220427016e-04,1.062050935466728668e-06,-8.351519144175068021e-02,1.911776853213745520e-01,-3.233504627604849802e+00,3.065223532367508316e-03
4.040000000000000036e+00,1.019126204525823029e-05,1.088902680458189182e-06,6.856012654547799946e-04,1.051790813229377007e-06,-3.976131674968366170e-01,2.156444849636220129e-01,-3.235514372718810705e+00,3.095118349292232292e-03
4.059999999999999609e+00,1.394675863629092650e-05,1.077671326975460540e-06,6.656495437187730582e-04,1.040450702447385155e-06,-2.900919451288865858e-01,1.563980693074640271e-01,-3.236001289859085972e+00,3.166769781045918313e-03
4.080000000000000071e+00,1.668460411207714351e-05,1.067100278654928491e-06,6.464301595996953601e-04,1.030688698522605579e-06,-4.047187282701711908e-01,1.299187854875517578e-01,-3.245354854906288722e+00,3.236522299974753294e-03
4.099999999999999645e+00,1.921210812343623824e-05,1.056883652950374339e-06,6.344728187769844378e-04,1.020814549979322743e-06,-3.401332089044384333e-01,1.110686207522091490e-01,-3.238912626059668121e+00,3.247227550336722040e-03
4.099999999999999645e+00,1.816400388581453619e-05,1.056900302097709940e-06,6.273251802635087387e-04,1.020624401753060061e-06,-1.637366438959038106e-01,1.172470944012118377e-01,-3.239138396535652831e+00,3.278595120261106662e-03
4.120000000000000107e+00,1.890967233581826993e-05,1.046740135743091921e-06,6.094330175809263431e-04,1.010623483870361996e-06,-2.904480392665531596e-01,1.120251537821575910e-01,-3.241905864389552860e+00,3.358988989841876684e-03
4.139999999999999680e+00,2.242429190851166258e-05,1.035878694480753781e-06,5.889195581140957685e-04,1.000472920454379405e-06,-1.359515464650868921e-01,9.324264703833318180e-02,-3.243745884017084080e+00,3.428643678878036134e-03
4.160000000000000142e+00,2.309165891007861879e-05,1.026621652830782859e-06,5.680490503472373880e-04,9.915001735092731034e-07,-3.490417277437511956e-01,8.921896805986934131e-02,-3.242531516594745256e+00,3.501123465376203368e-03
4.179999999999999716e+00,2.527552843683769177e-05,1.016616834440372016e-06,5.447633231150704816e-04,9.817205456840828107e-07,-2.514654122504369482e-01,8.161278672980838700e-02,-3.245080405191579587e+00,3.657229109895628744e-03
4.200000000000000178e+00,2.876630152694460607e-05,1.007668244231384949e-06,5.294536022923463552e-04,9.731074934812604249e-07,-3.300560469841089528e-01,7.067476905220400341e-02,-3.239406995144340939e+00,3.709275819729006187e-03
4.200000000000000178e+00,2.750811482108804693e-05,1.006725004637541263e-06,5.208428724907540001e-04,9.721786113008711897e-07,-3.065085470645394494e-01,7.421996370991615355e-02,-3.248447160105460085e+00,3.786822939722208486e-03
4.219999999999999751e+00,2.852299276372080854e-05,9.970388550652009587e-07,4.960473366716835900e-04,9.629922207018727575e-07,-2.349077165033124359e-01,7.098638772744492176e-02,-3.242881944517135295e+00,3.941344252962185324e-03
4.240000000000000213e+00,3.298149554214026887e-05,9.882591685832258421e-07,4.701048564222468648e-04,9.544330522126003571e-07,-2.605154941374281385e-01,6.012369533872366500e-02,-3.245312667843514909e+00,4.073080014750768939e-03
4.259999999999999787e+00,3.862850895075207720e-05,9.788053030751527033e-07,4.413393339625320102e-04,9.451889260290811065e-07,-2.031733160974251717e-01,5.113091941755111558e-02,-3.242464431114414403e+00,4.322000632755299866e-03
4.280000000000000249e+00,3.905787830847403492e-05,9.693686652680665837e-07,4.085188618487000669e-04,9.360874811637427259e-07,-1.564547344194116008e-01,5.036842981571958838e-02,-3.230415144176379982e+00,4.651159380237521353e-03
4.299999999999999822e+00,4.420473700649454890e-05,9.605294689493764590e-07,3.744522744032011694e-04,9.276907771078327241e-07,-5.637919604714802801e-02,4.385118158312638348e-02,-3.246896455649562085e+00,4.999445739375297029e-03
4.299999999999999822e+00,4.286958312944306050e-05,9.602875469979865766e-07,3.870783465802129977e-04,9.273514374620579820e-07,-2.351843146158341114e-01,4.518135201698538633e-02,-3.231859830578700965e+00,4.833506414370921690e-03
4.320000000000000284e+00,4.915273817393711641e-05,9.520491677507375841e-07,3.407820801889387455e-04,9.194029202112734610e-07,-1.876507855897999733e-01,3.886229806823612160e-02,-3.245333741037784492e+00,5.413521010962372634e-03
4.339999999999999858e+00,5.033807348058984960e-05,9.430293348418909417e-07,3.011390133476972604e-04,9.107093585444111377e-07,-2.110739752579515738e-01,3.800881890204928226e-02,-3.234713755066563223e+00,6.135333475740560420e-03
4.360000000000000320e+00,5.598161699849087120e-05,9.341905257166798984e-07,2.588901445486792969e-04,9.021388524737042560e-07,-2.178631411342069057e-01,3.384665625204640732e-02,-3.209667712256516481e+00,7.069104511283461414e-03
4.379999999999999893e+00,6.392349188490008456e-05,9.255647905622740717e-07,2.124660227548919055e-04,8.939446108606831645e-07,-1.633845454288520571e-01,2.938963786914481138e-02,-3.194063715031008499e+00,8.537880449003337410e-03
4.400000000000000355e+00,6.773422604684665863e-05,9.178956132689055396e-07,1.594568690038816164e-04,8.863904808877488473e-07,-1.258093942082476602e-01,2.717143199579787061e-02,-3.126094307717310450e+00,1.114677596309896629e-02
4.400000000000000355e+00,6.569503213088294272e-05,9.178396823321266774e-07,1.741735912803696513e-04,8.863526328459342506e-07,-2.303987697525666789e-01,2.817457907383782642e-02,-3.156608092107394903e+00,1.026260856803364561e-02
4.419999999999999929e+00,7.379845749492654574e-05,9.092927166335725617e-07,1.025355922923160568e-04,8.781111499106793257e-07,-1.795202929734607267e-01,2.484530493625740355e-02,-3.029576240074345339e+00,1.726673971507216437e-02
4.440000000000000391e+00,8.399212277285292413e-05,9.011607091251005543e-07,4.810152563402744617e-05,8.699359536235198024e-07,-1.756579487440133036e-01,2.172188928981744899e-02,-2.449079655609316397e+00,3.664909445457106840e-02
4.459999999999999964e+00,9.363799793750919717e-05,8.925662691435555374e-07,6.170752984289857028e-05,8.625488756995899749e-07,-1.875592051225316581e-01,1.923484941428241571e-02,-9.639383395143807931e-01,2.814155747133726890e-02
4.480000000000000426e+00,1.034904847362539575e-04,8.854092161879291885e-07,1.470547673590384046e-04,8.548719650412975270e-07,-2.119601905382841878e-01,1.733739908240666469e-02,-6.359402071214823593e-01,1.179446726076627608e-02
4.500000000000000000e+00,1.116492975860006290e-04,8.772683300386271875e-07,2.163737321821775008e-04,8.472050140984931958e-07,-2.186643778089107926e-01,1.584758132326929622e-02,-5.227192366951305402e-01,7.901154791359272025e-03
4.500000000000000000e+00,1.114228287571790449e-04,8.772784530454393252e-07,2.404726098451601677e-04,8.472287661915250225e-07,-2.327327654871282903e-01,1.593953613930094992e-02,-5.954051383096450323e-01,7.128535714095091298e-03
4.519999999999999574e+00,1.086728719679932450e-04,8.692494125758542534e-07,2.690801948599805737e-04,8.395972115853884090e-07,1.276728997103644403e-01,1.618245443041164272e-02,-1.586691434644009746e-01,6.307829898055944753e-03
4.540000000000000036e+00,1.361551892182726151e-04,8.618728545347890256e-07,4.190383073147044410e-04,8.320789099809521218e-07,-2.946930702482166708e-01,1.276804715001372305e-02,-6.111845031114846449e-01,4.009927672347631498e-03
4.559999999999999609e+00,1.498824436746766411e-04,8.545093540523244867e-07,5.269030353699973024e-04,8.253763468659431990e-07,-3.342096729142705058e-01,1.150386401269482863e-02,-5.834614353107872020e-01,3.159726933393434880e-03
4.580000000000000071e+00,1.691130288973093012e-04,8.469110030321688192e-07,6.562268807879060315e-04,8.178947991213859803e-07,-3.170737606480980020e-01,1.015287273594263524e-02,-5.497888151183625283e-01,2.527385817772714177e-03
4.599999999999999645e+00,1.905027290221851489e-04,8.394758937732859986e-07,8.216846168277592687e-04,8.108313738011645443e-07,-3.192615831537883864e-01,8.881088620287544075e-03,-5.174022065215586608e-01,1.987873638512840935e-03
4.599999999999999645e+00,1.874638551269457794e-04,8.392595552299599023e-07,8.159528111406187537e-04,8.105132249703477277e-07,-3.677781106075039830e-01,9.083571209226986784e-03,-5.734667523893763885e-01,2.016006057436409236e-03
4.620000000000000107e+00,2.181943971392232321e-04,8.318816977457369356e-07,1.041000692701160146e-03,8.034704289221926142e-07,-3.326059661230216236e-01,7.731587356597911624e-03,-4.949914472547325417e-01,1.564714989024253372e-03
4.639999999999999680e+00,2.552641414549327290e-04,8.252709256403985695e-07,1.341918665726962376e-03,7.969173983822175322e-07,-3.523451055357096351e-01,6.518225780516282569e-03,-4.885124145117361039e-01,1.197847163175238877e-03
4.660000000000000142e+00,1.465237854105964433e-04,8.184043554767893318e-07,8.440832253276190061e-04,7.903030991786622190e-07,-6.413395892763125161e-01,1.122023369364318589e-02,-8.657045202679416462e-01,1.880734732810923713e-03
4.679999999999999716e+00,4.114127068073947821e-04,8.111864655445861630e-07,2.544409925742007438e-03,7.834584596995636351e-07,-6.195791446112739465e-01,3.969963882874564219e-03,-7.272475017414041787e-01,6.197874651927671270e-04
4.700000000000000178e+00,5.250931096298667305e-04,8.042019403726696262e-07,3.426731768618328407e-03,7.765974478131026694e-07,-6.809097841176869892e-01,3.074365108231612818e-03,-7.605027576927998467e-01,4.550598646277704846e-04
4.700000000000000178e+00,5.954965295037839643e-04,8.039745112303795388e-07,3.957188537349975652e-03,7.763931221178282405e-07,-6.115621346130089009e-01,2.725286031136673042e-03,-6.848125671277252025e-01,3.961389541393063357e-04
4.719999999999999751e+00,9.268966200014042449e-04,7.977027573838662772e-07,6.591551770112957093e-03,7.703487738953497798e-07,-9.783201976524074084e-01,1.735911660284026811e-03,-1.049579763606869776e+00,2.357784904241499036e-04
4.740000000000000213e+00,1.216503814598140967e-03,7.906450015630021276e-07,9.123435606802387035e-03,7.635856899304393842e-07,-1.649698436243430599e+00,1.314868263477555164e-03,-1.707634599056318869e+00,1.693060595941296340e-04
4.759999999999999787e+00,1.111490871535948579e-03,7.838983083337378914e-07,8.652626910936730628e-03,7.570556509096223034e-07,-2.193168785221078387e+00,1.419640603578397773e-03,-2.248517075104058627e+00,1.761288413396266614e-04
4.780000000000000249e+00,9.010274414121614795e-04,7.771522574879899503e-07,7.212706041802104465e-03,7.505521229726545265e-07,-2.495288926949455366e+00,1.745952969760677194e-03,-2.546127675101538479e+00,2.106336312772597421e-04
4.799999999999999822e+00,7.215986899705021176e-04,7.709667186589855783e-07,5.921570261988259344e-03,7.445282519561475384e-07,-2.694093567464521222e+00,2.151828306426380958e-03,-2.745478391494942549e+00,2.532696735572013101e-04
4.799999999999999822e+00,7.482786866945563683e-04,7.708541057455654532e-07,6.061746174547906311e-03,7.444251845485542097e-07,-2.642687062333677339e+00,2.085559087311695484e-03,-2.690048516188368488e+00,2.486523829916381634e-04
4.820000000000000284e+00,5.935323873534995584e-04,7.646040969547001386e-07,4.971664627030506281e-03,7.384354712992849263e-07,-2.811829048928079722e+00,2.585148092415471763e-03,-2.859924942134270065e+00,2.980321040704680046e-04
4.839999999999999858e+00,4.976524176856856382e-04,7.582764805076859531e-07,4.281796682578722750e-03,7.322991564470477587e-07,-2.891247802477717066e+00,3.085025631711536733e-03,-2.940264474493345936e+00,3.463056041260262623e-04
4.860000000000000320e+00,4.266995002660434904e-04,7.520348578173863520e-07,3.755567784950772370e-03,7.262537461326328306e-07,-2.956337009831970342e+00,3.568628680511035014e-03,-2.995128131691937590e+00,3.916101423691999519e-04
4.879999999999999893e+00,3.727112613363236918e-04,7.463435665072527909e-07,3.353890767939046117e-03,7.207873164382717767e-07,-2.987291633286381032e+00,4.011618424118232502e-03,-3.033150056198004485e+00,4.305340720733096091e-04
4.900000000000000355e+00,3.343681632813112498e-04,7.397093722847610379e-07,3.045640946702014591e-03,7.143681799731603574e-07,-3.034056461378238367e+00,4.455243384090023032e-03,-3.066147205312609536e+00,4.723682066875108305e-04
4.900000000000000355e+00,3.423082754162164610e-04,7.397831273192487148e-07,3.113284676992043171e-03,7.144632523234562574e-07,-3.013593160780034363e+00,4.340817186381732383e-03,-3.053712507196282289e+00,4.608958824624220492e-04
4.919999999999999929e+00,2.990490630855673852e-04,7.339340717051372523e-07,2.789393716391403918e-03,7.087987464773948611e-07,-3.047060546725734120e+00,4.951104658434422011e-03,-3.089100614612523721e+00,5.125977880333555279e-04
4.940000000000000391e+00,2.711398734723714115e-04,7.282473975289926760e-07,2.579192247640658964e-03,7.033103227288783819e-07,-3.070493122500447480e+00,5.387040786749699300e-03,-3.106448811727329229e+00,5.468924139159310385e-04
4.959999999999999964e+00,2.485322463262667689e-04,7.219191677379022722e-07,2.404573463318192099e-03,6.972158334149561643e-07,-3.097386801897482833e+00,5.872180050567196545e-03,-3.122649046996675004e+00,5.861125706557576351e-04
4.980000000000000426e+00,2.312176135411746583e-04,7.164580996663362399e-07,2.253044618230176308e-03,6.919101146527914011e-07,-3.103013961456852154e+00,6.239473304714932694e-03,-3.134079838625043912e+00,6.184346806325407338e-04
5.000000000000000000e+00,2.167845046840838070e-04,7.105861653082079966e-07,2.151022449370795613e-03,6.862510770097839551e-07,-3.115727227491015050e+00,6.574828238928132063e-03,-3.147153788811499986e+00,6.399305161127688763e-04
5.000000000000000000e+00,2.137625909494386255e-04,7.105909474224036905e-07,2.122557881933731950e-03,6.862519523221702331e-07,-3.125105524028905180e+00,6.688381098884033094e-03,-3.146244741529387490e+00,6.505035258811887227e-04
5.019999999999999574e+00,1.991314723010799881e-04,7.050133677022583101e-07,2.013064069208019696e-03,6.808765858842372742e-07,-3.150042625062219770e+00,7.118634809215474563e-03,-3.154841129865354254e+00,6.800419192643526170e-04
5.040000000000000036e+00,1.886502575284280307e-04,6.989992000666067093e-07,1.911064095975692533e-03,6.750625707375092212e-07,-3.143776900036733046e+00,7.467912765318514452e-03,-3.163797186132657480e+00,7.119397238935307052e-04
5.059999999999999609e+00,1.775472810929362667e-04,6.940939241747707799e-07,1.819388052783824745e-03,6.703317979208283650e-07,-3.179900904139011608e+00,7.870105320800610538e-03,-3.170472724191720992e+00,7.416949711231525869e-04
5.080000000000000071e+00,1.658218676033264998e-04,6.883939510819019690e-07,1.742959905365118033e-03,6.648184370020502844e-07,-3.169570370462184705e+00,8.400373961516804586e-03,-3.175745708628698871e+00,7.718277713813436695e-04
5.099999999999999645e+00,1.597226014793540617e-04,6.831786644775565185e-07,1.679547435061912912e-03,6.597842239028477222e-07,-3.169837980944913980e+00,8.619000257093747258e-03,-3.189628013385184424e+00,7.915707311022896148e-04
5.099999999999999645e+00,1.572937192679479631e-04,6.829074450392668209e-07,1.669467348855422414e-03,6.595181385627967888e-07,-3.188904136227077579e+00,8.742567569960869867e-03,-3.180697123554039329e+00,7.955010378748007338e-04
5.120000000000000107e+00,1.503375980716693718e-04,6.773976575924119202e-07,1.599416565916672887e-03,6.541978140729854736e-07,-3.185717991314885644e+00,9.125845215186638090e-03,-3.184948238070602677e+00,8.284114779935537352e-04
5.139999999999998792e+00,1.438160519330727036e-04,6.726340791546996442e-07,1.537449740865822661e-03,6.495985399638443899e-07,-3.193972407071414388e+00,9.418688012070566482e-03,-3.185900174781166605e+00,8.508686901041969449e-04
5.160000000000000142e+00,1.363359736839430856e-04,6.672491886046133505e-07,1.477885257961984635e-03,6.443996369590633013e-07,-3.210051823323770037e+00,9.856668921631259878e-03,-3.189502531865145762e+00,8.781184035220550689e-04
5.179999999999999716e+00,1.293504074835336774e-04,6.619695601694143018e-07,1.421118031319199915e-03,6.392965190190860206e-07,-3.215545588368172503e+00,1.030731232587136885e-02,-3.190836274813320550e+00,9.060430803940606971e-04
5.200000000000000178e+00,1.249854432269995464e-04,6.567457295092054695e-07,1.369261467199279570e-03,6.342721829820060611e-07,-3.233566981392869799e+00,1.059141357690289616e-02,-3.190804869452633419e+00,9.335912141604664873e-04
5.200000000000000178e+00,1.226870841015118734e-04,6.572136385696860460e-07,1.372383126139524196e-03,6.346945095673587871e-07,-3.227198971969239771e+00,1.079796727793829771e-02,-3.197140874268533217e+00,9.323013360971895390e-04
5.219999999999999751e+00,1.181075549832420605e-04,6.521682708559901821e-07,1.318454423218109149e-03,6.298142693405624877e-07,-3.215130165178011090e+00,1.112196955076221599e-02,-3.192495099648581025e+00,9.622359360355696705e-04
5.240000000000000213e+00,1.128137257522203842e-04,6.470539519381519335e-07,1.268396496625142462e-03,6.249015966494618868e-07,-3.229557640678698327e+00,1.160280379632520030e-02,-3.192775982965200932e+00,9.965744795438363519e-04
5.259999999999999787e+00,1.078806029322288193e-04,6.420052836258212452e-07,1.222970904765154597e-03,6.200135537581934075e-07,-3.256606371509950471e+00,1.198488164637117812e-02,-3.193772757739313128e+00,1.020997980806680281e-03
5.280000000000000249e+00,1.029388746100145618e-04,6.369398768260568229e-07,1.175382064009727846e-03,6.151471245997211335e-07,-3.295480400387281072e+00,1.252997479230511836e-02,-3.191351913741997670e+00,1.059636037800934993e-03
5.299999999999999822e+00,9.519346854620787640e-05,6.323984148239768583e-07,1.131407271821435008e-03,6.107861453530507148e-07,-3.272727369143937359e+00,1.338120077203054301e-02,-3.201225873711257996e+00,1.087102109225498818e-03
5.299999999999999822e+00,9.779905569395180018e-05,6.327105453359833716e-07,1.129963937530656512e-03,6.110303934655642304e-07,-3.244383072428759895e+00,1.302144700758990463e-02,-3.188153988884812939e+00,1.088433117378434858e-03
5.320000000000000284e+00,9.230099801119168092e-05,6.276870526296588599e-07,1.084435843826889569e-03,6.062143042752387196e-07,-3.285823892375547395e+00,1.369446793733055702e-02,-3.184801096314401114e+00,1.125535032273929179e-03
5.340000000000000746e+00,8.804239533435143171e-05,6.229882053372509281e-07,1.039079424477658362e-03,6.016349648690338626e-07,-3.293007753404579852e+00,1.424063136289042270e-02,-3.186097292032605388e+00,1.165386319279141780e-03
5.360000000000000320e+00,8.232409526479029854e-05,6.181193871184705595e-07,9.927990215874470462e-04,5.969248665825055606e-07,-3.279788654668298165e+00,1.512810330648606608e-02,-3.178830028141365283e+00,1.211486640932176806e-03
5.379999999999999893e+00,7.775655713709162106e-05,6.139898115110400276e-07,9.457281782534700991e-04,5.929941429590899086e-07,-3.299794250037902721e+00,1.589127976798796610e-02,-3.171053951836515061e+00,1.261597264067811823e-03
5.400000000000000355e+00,7.225646891140033033e-05,6.090815068948628419e-07,8.970601315103366715e-04,5.882581191209452478e-07,-3.363966699664691085e+00,1.704914499606886499e-02,-3.180596921325533621e+00,1.326221249412929803e-03
5.400000000000000355e+00,7.227746053762206175e-05,6.090886172209713306e-07,8.984703606791550083e-04,5.882660804070460575e-07,-3.300726300801003710e+00,1.704472252016627984e-02,-3.166010542117237314e+00,1.324138177966487561e-03
5.419999999999999929e+00,6.631990712354845021e-05,6.047762161252626514e-07,8.499688227439187744e-04,5.840446671057113756e-07,-3.361128333191429896e+00,1.832797463077500896e-02,-3.159461306394544700e+00,1.381473274695757493e-03
5.440000000000001279e+00,6.011522328012938065e-05,6.002691703093389415e-07,8.005526373962582260e-04,5.796247272969008698e-07,-3.319754660813534208e+00,2.017645526499579553e-02,-3.148922532136398722e+00,1.463629954412896733e-03
5.459999999999999964e+00,5.546095634498781469e-05,5.958017436708047229e-07,7.488806441977395850e-04,5.755360469682584308e-07,-3.360939791976179869e+00,2.164255676546268312e-02,-3.133164569899768104e+00,1.547026320561343919e-03
5.480000000000000426e+00,4.770221157865005192e-05,5.914339889225789788e-07,6.944063174347182192e-04,5.711226174467385289e-07,-3.475659645397951358e+00,2.492578469628200372e-02,-3.117146348334160599e+00,1.654580201430663929e-03
5.499999999999999112e+00,3.551885445933120576e-05,5.872343138495967306e-07,6.239846091440628354e-04,5.671509792222402669e-07,-3.417892600077103715e+00,3.341167497938638681e-02,-3.112205178881159107e+00,1.836951161786244853e-03
5.499999999999999112e+00,4.224503920494357173e-05,5.872685959673705765e-07,6.357859788291051568e-04,5.671571136581493784e-07,-3.485515741729851236e+00,2.789255038841523954e-02,-3.098836476382799798e+00,1.790390635677902888e-03
5.519999999999999574e+00,3.130290208340669758e-05,5.831812037325708254e-07,5.758349593481483421e-04,5.632112511443961522e-07,-3.484570191190974775e+00,3.736629523325407654e-02,-3.061566402135848186e+00,1.962527656221386193e-03
5.540000000000000036e+00,2.329807837253983154e-05,5.787267496267797185e-07,5.108462693448543842e-04,5.587296938394005178e-07,-3.660937988576637991e+00,4.996636374573509148e-02,-3.018094817709196853e+00,2.202602550561240380e-03
5.559999999999998721e+00,1.249719387937372268e-05,5.747514528986508781e-07,4.407391960468366927e-04,5.550713702506561073e-07,-4.028421247654387471e+00,9.266523760805028820e-02,-2.958938762484939922e+00,2.535367725089834705e-03
5.580000000000000071e+00,8.287193051443677053e-06,5.705627889834242012e-07,3.701855142853569566e-04,5.510269495937617598e-07,-5.589891892490544301e+00,1.390997826053040898e-01,-2.857124810317357877e+00,3.008067884333805089e-03
5.599999999999999645e+00,2.865150697928108708e-05,5.663468447210253338e-07,2.851179218915103294e-04,5.470279959314520905e-07,-6.184449189079428422e+00,3.980290392102193986e-02,-2.664174015470831769e+00,3.860343093542465027e-03
5.599999999999999645e+00,1.987177664681965032e-05,5.664283875083128849e-07,2.964217864202140515e-04,5.471128763828802107e-07,-6.077374147446085395e+00,5.737331796386664629e-02,-2.683595826440821064e+00,3.713153560052390601e-03
5.620000000000000107e+00,4.031127870988350146e-05,5.626936944749558558e-07,2.306858581366239393e-04,5.431368320196190046e-07,-6.248767483263653943e+00,2.797430186062484225e-02,-2.367396697135370154e+00,4.727604116088051332e-03
5.639999999999999680e+00,6.188353002620569513e-05,5.583589207845455051e-07,2.041970206063788368e-04,5.394992860573381327e-07,-6.369841136754611277e+00,1.824607271833260380e-02,-1.836673709031829027e+00,5.330713855749310767e-03
5.659999999999999254e+00,9.300387426474110441e-05,5.544918368210587617e-07,2.523804302804886135e-04,5.355624730749242300e-07,-6.478099698788335026e+00,1.203628431574271275e-02,-1.256419422376334083e+00,4.279293006645423780e-03
5.679999999999999716e+00,1.349898445962468272e-04,5.507155138930015574e-07,3.766611871157122247e-04,5.318813062990665763e-07,-6.484874814563439394e+00,8.232106145773857714e-03,-9.086611731938054604e-01,2.846772020792980203e-03
5.700000000000000178e+00,1.896761751845603037e-04,5.465354855857030096e-07,5.544393029864400774e-04,5.279005868446210908e-07,-6.541893770961797472e+00,5.830198942215045546e-03,-7.295967206902771451e-01,1.925754796854824103e-03
5.700000000000000178e+00,2.037488153811912919e-04,5.470123566257500856e-07,5.621529979043106244e-04,5.281643598314993911e-07,-6.616535308353667766e+00,5.403843678175638231e-03,-7.670377924123359392e-01,1.892277634954775759e-03
5.719999999999999751e+00,2.695632137447907545e-04,5.431181112101182608e-07,7.876892417116606150e-04,5.245738008194498076e-07,-6.580811275818682304e+00,4.039949709968397584e-03,-6.298993680483295776e-01,1.335061326108825290e-03
5.740000000000000213e+00,3.967388887119047895e-04,5.392566319536783996e-07,1.105398158686263623e-03,5.207785441463384357e-07,-6.645533741755813573e+00,2.736212284067330008e-03,-5.773800022714814517e-01,9.487133471348433399e-04
5.759999999999999787e+00,6.025272596726212416e-04,5.353547265533745427e-07,1.538402530681452687e-03,5.170150880283053820e-07,-6.718124296334663903e+00,1.797359197208362597e-03,-5.600772701000158449e-01,6.799593272488011365e-04
5.780000000000000249e+00,1.008431381540763347e-03,5.318718595629027639e-07,2.214009798746050060e-03,5.136506214746871896e-07,-6.839359615089070310e+00,1.061872749104458315e-03,-5.730343812960940753e-01,4.671066050398656037e-04
5.799999999999999822e+00,1.861202786588311365e-03,5.278874683246852229e-07,3.221414894793448239e-03,5.098367355377884505e-07,-7.060613716207788215e+00,5.716594370673380200e-04,-6.699433333066284746e-01,3.189413158522999840e-04
5.799999999999999822e+00,2.096872842794549920e-03,5.279200523166812222e-07,3.533613582956014309e-03,5.098115632966799492e-07,-7.051995488566683790e+00,5.067733837561976852e-04,-6.564453074301477287e-01,2.904771036764323250e-04
5.820000000000000284e+00,6.171823400066759127e-03,5.246008082177753391e-07,6.296664379144093285e-03,5.066262426530690239e-07,-7.779936214784480164e+00,1.705975905272538663e-04,-1.164984400905027861e+00,1.614389995431964432e-04
5.839999999999999858e+00,5.761684365120151551e-03,5.208388884035828106e-07,5.372330641154546803e-03,5.029792915693032751e-07,-8.603040874420052830e+00,1.816952474775090540e-04,-1.490534433604201681e+00,1.880474685995230327e-04
5.860000000000001208e+00,5.243616599799672158e-03,5.171279133217820186e-07,6.405013863763612050e-03,4.997881309720577599e-07,-9.033199806481128746e+00,1.984954717924852633e-04,-1.398779377652321187e+00,1.566349049666656288e-04
5.879999999999999893e+00,6.288345875326177732e-03,5.139191383602319243e-07,1.133049757504999561e-02,4.961144938070504044e-07,-9.687324483090971938e+00,1.644484149522080466e-04,-1.847144007340731697e+00,8.822208642864719469e-05
5.900000000000000355e+00,3.539582024077211897e-03,5.103008412890861942e-07,1.179392932590541364e-02,4.929644926235026772e-07,-1.093386399060354996e+01,2.910387058094360442e-04,-2.572840763781832685e+00,8.435546306461515057e-05
5.900000000000000355e+00,4.626223717224186779e-03,5.101827278944729586e-07,1.225435696060902559e-02,4.929890469194350501e-07,-1.047943103105440166e+01,2.229306916898168953e-04,-2.381105648439121758e+00,8.116791405364123877e-05
5.920000000000000817e+00,2.319162099930405577e-03,5.068743438069522646e-07,1.012132119201131393e-02,4.895028827168414501e-07,-1.149734691510041174e+01,4.392512433650936883e-04,-2.756599856555463468e+00,9.728253077750810801e-05
5.940000000000000391e+00,1.630474036977121047e-03,5.035830667944064906e-07,8.518283543812973577e-03,4.861805539405445086e-07,-1.181951430713288076e+01,6.232980338856414660e-04,-2.892279763530694048e+00,1.153063150903006632e-04
5.959999999999999964e+00,1.145921597151549612e-03,5.000135867449299284e-07,7.191325635981344992e-03,4.830542567755637559e-07,-1.200490588803263492e+01,8.798953300432181285e-04,-2.982182354101193589e+00,1.352927925965721875e-04
5.980000000000000426e+00,8.282956716313016237e-04,4.968817251996229516e-07,6.204308329099597792e-03,4.798898380585327683e-07,-1.213249036826259442e+01,1.206105915850645607e-03,-3.047910133094553053e+00,1.555340767774981015e-04
6.000000000000000000e+00,7.080331801283336378e-04,4.934665709941723999e-07,5.615073163586708355e-03,4.765634441497315226e-07,-1.221545201692481974e+01,1.407388041789801739e-03,-3.089879215956414349e+00,1.714486193660119174e-04
6.000000000000000000e+00,6.256778327119343931e-04,4.934611712046605099e-07,5.494030222987352115e-03,4.765628521483145654e-07,-1.223773998274873165e+01,1.586291426375816688e-03,-3.097870361004283701e+00,1.745265387427203188e-04
6.019999999999999574e+00,4.777803014974768016e-04,4.902376883721716710e-07,4.943129365467861802e-03,4.733806849227830118e-07,-1.232741500779281907e+01,2.063760904711501882e-03,-3.135031554928791486e+00,1.927075751022103709e-04
6.040000000000000036e+00,3.737908388319681171e-04,4.868859504001710945e-07,4.520890898767047396e-03,4.702866993402802940e-07,-1.239321216752285082e+01,2.627271822932063239e-03,-3.162313272269646980e+00,2.097005723318059729e-04
6.059999999999999609e+00,2.984281445015449490e-04,4.838673327901755571e-07,4.182320991260012229e-03,4.673131501198002226e-07,-1.247551276028197620e+01,3.273875341876562525e-03,-3.186675567497117889e+00,2.256110915232954447e-04
6.079999999999999183e+00,2.414642968222262124e-04,4.805732893852235840e-07,3.908739280388095171e-03,4.641180241998955221e-07,-1.254177047036887771e+01,4.004072785967426572e-03,-3.204448209737166486e+00,2.389037555766792122e-04
6.099999999999999645e+00,1.963128944935391617e-04,4.774514934453538233e-07,3.683402183409659105e-03,4.610909694565927159e-07,-1.260580242185974953e+01,4.912868918936412130e-03,-3.218588206165313714e+00,2.528820783338186617e-04
6.099999999999999645e+00,2.153288544676602921e-04,4.775258917977720378e-07,3.711718862994318503e-03,4.611707174463151064e-07,-1.259247339750073458e+01,4.463438007965584049e-03,-3.213552987396092853e+00,2.500643368228840199e-04
6.120000000000000107e+00,1.605040119455195045e-04,4.742971588258679424e-07,3.488603988328399866e-03,4.580455700131807056e-07,-1.268556377877868790e+01,5.958928938112698255e-03,-3.231582621612129280e+00,2.647844538586847430e-04
6.139999999999998792e+00,1.328531316721104133e-04,4.713690770507228262e-07,3.324381852483285736e-03,4.552326118784697041e-07,-1.278409027723314217e+01,7.135762902637241348e-03,-3.242212948114588933e+00,2.753727677352382493e-04
6.160000000000000142e+00,1.094753204507398144e-04,4.681926849066844559e-07,3.183738947871615592e-03,4.521681881613823782e-07,-1.283836328557520545e+01,8.605640486467284328e-03,-3.251855997550110011e+00,2.857146136605768442e-04
6.179999999999999716e+00,9.150603524732377821e-05,4.651253827659833427e-07,3.052832598751289983e-03,4.492229698476010601e-07,-1.009460380675890079e+01,2.432157055896362330e+00,-4.514408850911434179e+00,7.039313814210995668e-02
6.200000000000000178e+00,8.214515917745567454e-05,4.619557374935735989e-07,2.964158609016889594e-03,4.461486869844886130e-07,-1.299382736043284226e+01,1.136879451898764604e-02,-3.259914575020647298e+00,3.042217273209624900e-04
6.200000000000000178e+00,7.508709177127691930e-05,4.622557275812215900e-07,2.946776003747819672e-03,4.463188003872608465e-07,-1.300753115489200162e+01,1.240305301342933646e-02,-3.264768424320320328e+00,3.054122721043995821e-04
6.219999999999999751e+00,6.321874737157425872e-05,4.592692622422043915e-07,2.849374778523753281e-03,4.436095593324172611e-07,-1.311372591153175193e+01,1.467476073940791360e-02,-3.269855989483992253e+00,3.142505771198931836e-04
6.240000000000000213e+00,5.269630730387297302e-05,4.562380323154664320e-07,2.761418648744094328e-03,4.406618395818411495e-07,-1.320495517564699028e+01,1.742748478324488912e-02,-3.275426395918299427e+00,3.209914117578080428e-04
6.259999999999999787e+00,4.346338081327004449e-05,4.532528236528242624e-07,2.683402328641584095e-03,4.377506680124106740e-07,-1.338691880283823821e+01,2.108501849110631238e-02,-3.284427394214293194e+00,3.295578603864988791e-04
6.280000000000000249e+00,3.813428646610277637e-05,4.505173242001251599e-07,2.613810264649772848e-03,4.351542615822417929e-07,-1.355572598531535533e+01,2.378667786176541163e-02,-3.283118407295540386e+00,3.351390095559210274e-04
6.299999999999999822e+00,3.438115024163817645e-05,4.474200200677519274e-07,2.549741450589927249e-03,4.323081825337178497e-07,-1.372697137414397162e+01,2.621470049256744567e-02,-3.288967978669249170e+00,3.410359541323847578e-04
6.299999999999999822e+00,3.629101693191600855e-05,4.476578965195557863e-07,2.558325182962394983e-03,4.320946426979861751e-07,-1.360275632270537471e+01,2.486131185390880877e-02,-3.283840466496232402e+00,3.411013687013999358e-04
6.320000000000000284e+00,3.079175318688440649e-05,4.447041917869869016e-07,2.492053240802113642e-03,4.295162097518706055e-07,-1.388409827161000187e+01,2.903472632753879845e-02,-3.292068256710106944e+00,3.467128646148796888e-04
6.340000000000000746e+00,3.023744140308375707e-05,4.420125735325166322e-07,2.436982511363384660e-03,4.267796563854895484e-07,-1.409282302003005327e+01,2.937728498167676769e-02,-3.295918164549960672e+00,3.523698076531876560e-04
6.360000000000000320e+00,2.918759409317945360e-05,4.390825868725896208e-07,2.388769503016894419e-03,4.242156837829687550e-07,-1.427911309817386964e+01,3.031286894169108945e-02,-3.295795482308043312e+00,3.571787717899399420e-04
6.379999999999999893e+00,2.974665082327197652e-05,4.366003001655673679e-07,2.344019054561371617e-03,4.213194892594142851e-07,-1.441582860447557835e+01,2.956859461630433755e-02,-3.299680778620909471e+00,3.630903882377619751e-04
6.400000000000000355e+00,2.891303393202760718e-05,4.337983868874248267e-07,2.306198273280399801e-03,4.187702550196926250e-07,-1.441947219559993698e+01,3.012049257688036163e-02,-3.297304126317819772e+00,3.652171043532612582e-04
6.400000000000000355e+00,2.996879048293788750e-05,4.337492466747251053e-07,2.301928319803893831e-03,4.187673074213087970e-07,-1.464891647770253869e+01,2.906864564937484269e-02,-3.301252587339022604e+00,3.655099696760993173e-04
6.419999999999999929e+00,3.034940350659107920e-05,4.309794306743385553e-07,2.263020936328216486e-03,4.162744047745430161e-07,-1.465639057596359507e+01,2.863732910498109976e-02,-3.302531127540205169e+00,3.708140923131059076e-04
6.440000000000001279e+00,3.151922118003827475e-05,4.284397912070042378e-07,2.227076646148047102e-03,4.135356045743663422e-07,-1.477860814037286730e+01,2.730150446587439883e-02,-3.305894134553089891e+00,3.737568410045063690e-04
6.459999999999999964e+00,3.278581785349433166e-05,4.255218018690029534e-07,2.193138569162937559e-03,4.111847242719127602e-07,-1.480903943191820460e+01,2.608726813077176174e-02,-3.307328275122169536e+00,3.760555325890667377e-04
6.480000000000000426e+00,3.453651447384839995e-05,4.229822884038970543e-07,2.160054898156163819e-03,4.086724688808986201e-07,-1.489577548901164761e+01,2.475515094286621573e-02,-3.309415064828301389e+00,3.818786849294142295e-04
6.500000000000000888e+00,3.392652552324727420e-05,4.204654893339443281e-07,2.135490540234085636e-03,4.060602850867125091e-07,-1.491055899596583068e+01,2.490908201306062109e-02,-3.309076291785081558e+00,3.825070630252759454e-04
6.500000000000000888e+00,3.560136688184725636e-05,4.204820575681102531e-07,2.132208361270042114e-03,4.060654436052191450e-07,-1.497413870809302949e+01,2.386574819844709469e-02,-3.310746632826163882e+00,3.846103339426584300e-04
6.519999999999999574e+00,3.721843090533013691e-05,4.177826442895970527e-07,2.106238332212233277e-03,4.036492318309536226e-07,-1.497713183749073984e+01,2.256393339990703240e-02,-3.312955245728329778e+00,3.847004325072673320e-04
6.540000000000000036e+00,3.719112074425247029e-05,4.154976995339467523e-07,2.078609226161432823e-03,4.011292302283676053e-07,-1.504551195738709524e+01,2.244383055976164817e-02,-3.315220534920658046e+00,3.881532066237034667e-04
6.559999999999998721e+00,3.805145672518548864e-05,4.129051896730376374e-07,2.054546700184685382e-03,3.986052786928813856e-07,-1.510106592466851971e+01,2.187713289760710375e-02,-3.316427147828131972e+00,3.917321792991748414e-04
6.580000000000000071e+00,3.846698271593530013e-05,4.103394923236248894e-07,2.031281935642165973e-03,3.962527909615902629e-07,-1.501410629840231437e+01,2.143294676854085035e-02,-3.318878415736608467e+00,3.922911358772496800e-04
6.599999999999999645e+00,3.858228297725666228e-05,4.078405937849882189e-07,2.011868489968268638e-03,3.939522610489991090e-07,-1.516456046613189024e+01,2.121917887219375992e-02,-3.314699067511249986e+00,3.926030977083201623e-04
6.599999999999999645e+00,3.990799291764499801e-05,4.079018926527353159e-07,2.009126188774822998e-03,3.937999092956523305e-07,-1.514289793304255305e+01,2.061746253889389785e-02,-3.318294313742058854e+00,3.958014044254797460e-04
6.620000000000000107e+00,4.056131254008325072e-05,4.052098556122939292e-07,1.987907066709361688e-03,3.914186973159506267e-07,-1.515205891569018704e+01,2.016246761535424661e-02,-3.320403864640879554e+00,3.971206203819384675e-04
6.639999999999999680e+00,4.174296447651015975e-05,4.028026657173197109e-07,1.968528213053638738e-03,3.891635796636564929e-07,-1.515214835644908042e+01,1.945153575184357941e-02,-3.324823498397598165e+00,3.978741575273631623e-04
6.659999999999999254e+00,4.194886902744087510e-05,4.004597044967358136e-07,1.950527540923890609e-03,3.867784319269550050e-07,-1.517515818479980183e+01,1.923365939737523359e-02,-3.322495766498902547e+00,3.991552454212101515e-04
6.679999999999999716e+00,4.370077143949871218e-05,3.980675524411988464e-07,1.932537155045797395e-03,3.845257460481120439e-07,-1.521540080850214416e+01,1.837197409765902942e-02,-3.325773775613781957e+00,4.009670309196377387e-04
6.700000000000000178e+00,4.339129310064220502e-05,3.958750730187503346e-07,1.915086336585189062e-03,3.821672629363495616e-07,-1.525820585742463109e+01,1.839388487105830111e-02,-3.326114551840109179e+00,4.028440445027986028e-04
6.700000000000000178e+00,4.198161085266385834e-05,3.958816834289418114e-07,1.916438873270208442e-03,3.821884772375272991e-07,-1.524211262800890587e+01,1.894573221729599355e-02,-3.321828687923349399e+00,4.010920706855975945e-04
6.719999999999999751e+00,4.384752228504641079e-05,3.934038643065069748e-07,1.899239660587109151e-03,3.797968470654927962e-07,-1.526218875279198528e+01,1.803044135435843964e-02,-3.326499529021076818e+00,4.023159308788082128e-04
6.740000000000000213e+00,4.503576410254204055e-05,3.910772053608848501e-07,1.884411491880744584e-03,3.776271965440161419e-07,-1.529285284301311876e+01,1.751261330449854076e-02,-3.328963125211788388e+00,4.043166311011091936e-04
6.759999999999999787e+00,4.487417439156083461e-05,3.887190389667610084e-07,1.868786613933757449e-03,3.753726797322123200e-07,-1.529127189723370428e+01,1.741261229790123932e-02,-3.330031190195906099e+00,4.040966454143033295e-04
6.780000000000000249e+00,4.463561204984243695e-05,3.864601011478030440e-07,1.856079308017991166e-03,3.733418466085467507e-07,-1.531716784803605691e+01,1.737655380083311454e-02,-3.331984227766834117e+00,4.031934435405806066e-04
6.799999999999999822e+00,4.376033527367149094e-05,3.843123023597293514e-07,1.842934111007014410e-03,3.710265670450152437e-07,-1.530356874753946883e+01,1.763937129106034687e-02,-3.328510719559383269e+00,4.048850614420453097e-04
6.799999999999999822e+00,4.490463457320240472e-05,3.843220612162186609e-07,1.842173800056187217e-03,3.711039468781442573e-07,-1.527837057749311356e+01,1.725398975677315191e-02,-3.331575539606022041e+00,4.064055887864551748e-04
6.900000000000000355e+00,4.614210771950160578e-05,3.731872898380890549e-07,1.782306447615202927e-03,3.604236102740061720e-07,-1.534492333192193314e+01,1.630962167730767506e-02,-3.333196096287724508e+00,4.079191297268402409e-04
7.000000000000000000e+00,4.673805578220148173e-05,3.625554350438808026e-07,1.732122282046378659e-03,3.501355518772945147e-07,-1.540047022432753288e+01,1.567467760660076412e-02,-3.338746828675547285e+00,4.082571991173679165e-04
7.099999999999999645e+00,4.752359111474729132e-05,3.523885636526114328e-07,1.688319785760235498e-03,3.402644591153520498e-07,-1.543756968088793258e+01,1.495496149043153145e-02,-3.346448764157622158e+00,4.067810566959391698e-04
7.200000000000000178e+00,4.799499564727282717e-05,3.425853862922221754e-07,1.652103853496128842e-03,3.308364740755295416e-07,-1.549297643805705960e+01,1.435235558403201786e-02,-3.349941252975315642e+00,4.027583705650420527e-04
7.299999999999999822e+00,4.770380844488424592e-05,3.333078024616951923e-07,1.619606014975320677e-03,3.218366346631651175e-07,-1.550239006028924571e+01,1.404405637969672466e-02,-3.354335163726548608e+00,3.996017109380778018e-04
7.400000000000000355e+00,4.916135481056740718e-05,3.244713328476512887e-07,1.591428912285750182e-03,3.133266804377524912e-07,-1.548478428329710432e+01,1.330016983631692601e-02,-3.359879191606565563e+00,3.970079246918065260e-04
7.499999999999999112e+00,4.876388024609712299e-05,3.158188860706902073e-07,1.565338012725900514e-03,3.050010266483005495e-07,-1.550518097773080406e+01,1.307467918951470652e-02,-3.364030804080660353e+00,3.932109889204236973e-04
7.599999999999999645e+00,4.857304105003774913e-05,3.075570246609818826e-07,1.543100439447763275e-03,2.969782291025089705e-07,-1.552606254863964530e+01,1.276312675480991039e-02,-3.369598361119490626e+00,3.881966067805432317e-04
7.700000000000000178e+00,4.915328190801607753e-05,2.996246747317779615e-07,1.522602200379432084e-03,2.892931371944429403e-07,-1.553363080020816511e+01,1.224672951813811882e-02,-3.374789749050997933e+00,3.820586833258706664e-04
7.799999999999999822e+00,4.909197271528321357e-05,2.920785260749902675e-07,1.503551205308186357e-03,2.820413185278009661e-07,-1.555179370274191442e+01,1.194654436010600049e-02,-3.379331486943658369e+00,3.768656497817867443e-04
7.900000000000000355e+00,4.934826093469583648e-05,2.845958817197721576e-07,1.486352642264521543e-03,2.748635746341354068e-07,-1.553439415166343451e+01,1.164887755348152816e-02,-3.382871890623055045e+00,3.733412097527719705e-04
8.000000000000000000e+00,4.902032301418258260e-05,2.775751718114256746e-07,1.469361517226368914e-03,2.680669887583999196e-07,-1.552621149362412289e+01,1.137527114031757283e-02,-3.387557253496850329e+00,3.666200655848938627e-04
8.099999999999999645e+00,4.881688118169924469e-05,2.707073526293415057e-07,1.454795630649008322e-03,2.614389846408365513e-07,-1.557166319111251518e+01,1.114350523813314141e-02,-3.393092716628662409e+00,3.612143400772711409e-04
8.199999999999999289e+00,4.949154541150636822e-05,2.641799560054501538e-07,1.441722375124669924e-03,2.550849378249901264e-07,-1.556519713377272573e+01,1.075465540193373641e-02,-3.397086842033615106e+00,3.567359021867699581e-04
8.300000000000000711e+00,4.906845975913061311e-05,2.579312890796596351e-07,1.429964122888220798e-03,2.491087370258509787e-07,-1.560248561909567044e+01,1.058704287423119401e-02,-3.400806696899311810e+00,3.508612244050558987e-04
8.400000000000000355e+00,4.932951880534579232e-05,2.517603774615126414e-07,1.417589873175903242e-03,2.431131832397318870e-07,-1.559928616389537837e+01,1.027907802042864714e-02,-3.406324117890481951e+00,3.454753970141406197e-04
8.500000000000000000e+00,4.845166376774474203e-05,2.458833344705240488e-07,1.406684145837394520e-03,2.374627051510445584e-07,-1.559508532792319002e+01,1.023690767699244122e-02,-3.411097659453372621e+00,3.404093305221493225e-04
8.599999999999999645e+00,4.877425520811552262e-05,2.402305852710876329e-07,1.395880138996740500e-03,2.320113836944855280e-07,-1.560280738020835756e+01,9.929168021428569357e-03,-3.413699028612007247e+00,3.349482737588444837e-04
8.699999999999999289e+00,4.847567179085363753e-05,2.346494531389221660e-07,1.386062707965588685e-03,2.266540305209878525e-07,-1.561690385526448921e+01,9.747973467635999423e-03,-3.418216729516585950e+00,3.291157564773204507e-04
8.800000000000000711e+00,4.848407829398353869e-05,2.294473833569296415e-07,1.376704141959372938e-03,2.215516048658112611e-07,-1.563014105822403188e+01,9.525381916858402867e-03,-3.422329688922110869e+00,3.241271081338693806e-04
8.900000000000000355e+00,4.761847630575848984e-05,2.242453441798860656e-07,1.367181947372927801e-03,2.165562771745583457e-07,-1.564512893881118138e+01,9.480880270938140536e-03,-3.426222328443718546e+00,3.188670379735933130e-04
9.000000000000000000e+00,4.772009346464322824e-05,2.193199225636698433e-07,1.358808490905088042e-03,2.118081039405297571e-07,-1.563349735246848304e+01,9.265284533232866215e-03,-3.430073076269350985e+00,3.141560704196341052e-04
9.099999999999999645e+00,4.729467416445573802e-05,2.145460239736951820e-07,1.350419177131139455e-03,2.072149965993448748e-07,-1.564066656364427388e+01,9.144709361310033105e-03,-3.434501804095366317e+00,3.091797537744438791e-04
9.199999999999999289e+00,4.773160167299469179e-05,2.098282640923667685e-07,1.342457475612261189e-03,2.026485303082248267e-07,-1.566267771534385034e+01,8.853562577339246439e-03,-3.438314139900755073e+00,3.040082871701581843e-04
9.300000000000000711e+00,4.682837272381005388e-05,2.054339779899565563e-07,1.334769192021689104e-03,1.984134730435369772e-07,-1.565505166979305507e+01,8.831313280354123954e-03,-3.442261970882232625e+00,2.991920645509877014e-04
9.400000000000000355e+00,4.644954301814039032e-05,2.010710077772339780e-07,1.328082708363005149e-03,1.941725490809382130e-07,-1.566908713065071979e+01,8.711162203787146605e-03,-3.446496633136127308e+00,2.943333354615701729e-04
9.500000000000000000e+00,4.658603252873619896e-05,1.968339453909010596e-07,1.320347987356099801e-03,1.900947242542608551e-07,-1.566814962902072139e+01,8.482753816625958690e-03,-3.450268267759398988e+00,2.891071898789157406e-04
9.599999999999999645e+00,4.605524770168148468e-05,1.927602756789859038e-07,1.313853265590247087e-03,1.861354212912789181e-07,-1.566233539407866004e+01,8.423472490228489304e-03,-3.452980274674508188e+00,2.852696666875365527e-04
9.699999999999999289e+00,4.632796035891494264e-05,1.888047470904980698e-07,1.306880124594178138e-03,1.823685545581165802e-07,-1.567332590589933794e+01,8.193312110310647239e-03,-3.457043765030285876e+00,2.803776556595181631e-04
9.800000000000000711e+00,4.587007100856111834e-05,1.850088456920738872e-07,1.300801542290870930e-03,1.786510403151469615e-07,-1.569547123940396638e+01,8.113185226636100700e-03,-3.461055266153500121e+00,2.764008615834774650e-04
9.900000000000000355e+00,4.542305665967498712e-05,1.812617572385013342e-07,1.293938949046684241e-03,1.750370164078124425e-07,-1.568732080923818550e+01,8.028906254825397479e-03,-3.464130371248580254e+00,2.722632207966774014e-04
1.000000000000000000e+01,4.493395940587573340e-05,1.776466490151060912e-07,1.287721734143457966e-03,1.715627203489844060e-07,-1.568858379084001342e+01,7.935615448582155826e-03,-3.466437086068942186e+00,2.674771586090045252e-04
1.009999999999999964e+01,4.540603447639526835e-05,1.741606072374975273e-07,1.282261211805558587e-03,1.681796688199026155e-07,-1.571434436145705149e+01,7.698889436999048486e-03,-3.468533375804145003e+00,2.633419957368590670e-04
1.019999999999999929e+01,4.451504198088296587e-05,1.707083954399423475e-07,1.278270069599508419e-03,1.648785248921855976e-07,-1.572643065995152867e+01,7.735057886402467095e-03,-3.470394844442560078e+00,2.600869724725509758e-04
1.030000000000000249e+01,4.385456737715745404e-05,1.674446557802423818e-07,1.275419286352494743e-03,1.617326879063207397e-07,-1.573408108723523924e+01,7.671122278921423121e-03,-3.472162772288363008e+00,2.546504663485393036e-04
1.040000000000000036e+01,4.345996669280537892e-05,1.642382352122675916e-07,1.271982340586748968e-03,1.586260588034605723e-07,-1.572810535528656217e+01,7.590097036178241469e-03,-3.475589726454724193e+00,2.504011092691524592e-04
1.050000000000000000e+01,4.276438718497516122e-05,1.611342708710919839e-07,1.268765800963620339e-03,1.556167235061809708e-07,-1.574079265858620857e+01,7.591076092501903259e-03,-3.478870853191666335e+00,2.470445603053291264e-04
1.059999999999999964e+01,4.260743022186998409e-05,1.580820717046442125e-07,1.264686115633210147e-03,1.526641452260076533e-07,-1.573604296115768086e+01,7.448133667800954302e-03,-3.483512494427290385e+00,2.423899530086609457e-04
1.069999999999999929e+01,4.192978258145618552e-05,1.551375754853321071e-07,1.260964070351762445e-03,1.498447203528170087e-07,-1.574348177349831346e+01,7.457454910919509607e-03,-3.487783447784122082e+00,2.394020460283416429e-04
1.080000000000000071e+01,4.141226413605485495e-05,1.522988824410124171e-07,1.257696624846956499e-03,1.471042165360236589e-07,-1.573107565134075436e+01,7.387701835308293011e-03,-3.491327623858404117e+00,2.348439889451018497e-04
1.090000000000000036e+01,4.122665401324402795e-05,1.495054076466763116e-07,1.252885093423417679e-03,1.443954446478901937e-07,-1.573675535090786681e+01,7.286626120193167092e-03,-3.495476524537283858e+00,2.314910733555324332e-04
1.099999999999999822e+01,4.093930680156053839e-05,1.468153839749003737e-07,1.248511490239023313e-03,1.417879522661794519e-07,-1.572936698263904098e+01,7.226059960041343253e-03,-3.500045556132200808e+00,2.288054756620902573e-04
1.109999999999999964e+01,3.990671194605015557e-05,1.441956576347111716e-07,1.244535195650843789e-03,1.392431572644210663e-07,-1.571651407110353382e+01,7.250025370991872858e-03,-3.504063720171276763e+00,2.245631373733661526e-04
1.119999999999999929e+01,4.030859349228027843e-05,1.416068136423587798e-07,1.240055522813792799e-03,1.367416935794735754e-07,-1.572964959880200730e+01,7.080646661637024150e-03,-3.507944269499309264e+00,2.223501648083463971e-04
1.130000000000000071e+01,3.987861909988297892e-05,1.391098339357855716e-07,1.235808764673475280e-03,1.343326095318222888e-07,-1.573270524917448476e+01,7.015294021933394381e-03,-3.511823686702856939e+00,2.186640948185086277e-04
1.140000000000000036e+01,3.946024462705590140e-05,1.367089421020741255e-07,1.231210789744842599e-03,1.320221250983151070e-07,-1.574524245802547995e+01,6.964310266913792749e-03,-3.515013011873736382e+00,2.156198698050940360e-04
1.150000000000000000e+01,3.922219906114472255e-05,1.343318306083098469e-07,1.227105190422879107e-03,1.297303179618394185e-07,-1.573378592268144516e+01,6.877728426062426278e-03,-3.518971658699267202e+00,2.122627719551428021e-04
1.159999999999999964e+01,3.865069559289323949e-05,1.320287987657339101e-07,1.222447695534224820e-03,1.274922482833749658e-07,-1.572439664754737443e+01,6.867243515755572236e-03,-3.522812389568591662e+00,2.097496985655666803e-04
1.169999999999999751e+01,3.898095389388672017e-05,1.297739230094060294e-07,1.217775081532772655e-03,1.253109208593295137e-07,-1.571404585752446614e+01,6.692729869388517466e-03,-3.526999453012018115e+00,2.069809019144341965e-04
1.180000000000000071e+01,3.846524705180234718e-05,1.276073363437684146e-07,1.213474907716845025e-03,1.232364917535650720e-07,-1.571736152627952876e+01,6.653852883355818211e-03,-3.530156547509473164e+00,2.037180969048065567e-04
1.189999999999999858e+01,3.811135571993103815e-05,1.254318530421911650e-07,1.208625381970710767e-03,1.211397999542276901e-07,-1.570766401762844566e+01,6.613749635581976302e-03,-3.533280121431165988e+00,2.013537216165000698e-04
1.200000000000000000e+01,3.770702268383088447e-05,1.233657469271177414e-07,1.203546650541443847e-03,1.191407661186230793e-07,-1.570755083260058882e+01,6.563583715280728315e-03,-3.536217148490359286e+00,1.986324696153481464e-04
1.210000000000000142e+01,3.746926833495056941e-05,1.213208821623866984e-07,1.198965573344258108e-03,1.171631194338701907e-07,-1.572305107317119877e+01,6.509767869752857913e-03,-3.540481961610075778e+00,1.965189800076569935e-04
1.219999999999999929e+01,3.735830098344667955e-05,1.193490577867870015e-07,1.193959496799271288e-03,1.152462599050677917e-07,-1.572032256407856465e+01,6.421733896200098289e-03,-3.543626051287016132e+00,1.941220440303611670e-04
1.230000000000000249e+01,3.655663190014008998e-05,1.174446735830087497e-07,1.188873280435347917e-03,1.134158973166936264e-07,-1.569760241169396409e+01,6.442273051219683973e-03,-3.545321006643516348e+00,1.913538731440394744e-04
1.240000000000000036e+01,3.659603583714304039e-05,1.155233547104155940e-07,1.184078133996808958e-03,1.115691637176431923e-07,-1.568704940801403325e+01,6.341991511843578753e-03,-3.549376651327134091e+00,1.892458805919118570e-04
1.250000000000000000e+01,3.627490172025908796e-05,1.136937477718234039e-07,1.178372019602676700e-03,1.098001634953480567e-07,-1.566006588008707823e+01,6.288396922987441601e-03,-3.550307439917580687e+00,1.869571783838886803e-04
1.259999999999999964e+01,3.576301380016143572e-05,1.119054060269597209e-07,1.173900334568120461e-03,1.080580217527431427e-07,-1.566171581923469525e+01,6.287575304272137976e-03,-3.553543317849197969e+00,1.850530855401152116e-04
1.269999999999999929e+01,3.559413976681103140e-05,1.101265818810144859e-07,1.168464346505028797e-03,1.063472525828310032e-07,-1.562553405538652029e+01,6.230542903007358496e-03,-3.555373528852954657e+00,1.833363401259729400e-04
1.280000000000000071e+01,3.519913131873674092e-05,1.084478904931250100e-07,1.162361042560575717e-03,1.047259077060880555e-07,-1.563937379286603147e+01,6.189008353274155771e-03,-3.557327696288605345e+00,1.810500742056332115e-04
1.290000000000000036e+01,3.497157541114672362e-05,1.067425345558913603e-07,1.156368889445945347e-03,1.030870243144364669e-07,-1.561202970309230587e+01,6.143255103788167540e-03,-3.558608330551703780e+00,1.793792897824820457e-04
1.300000000000000178e+01,3.488643664172697754e-05,1.051207780737064852e-07,1.150273726338349326e-03,1.015172731225511548e-07,-1.559788717661403368e+01,6.057314912833675243e-03,-3.559209926374767186e+00,1.774010921557144199e-04
1.309999999999999964e+01,3.458086163090250885e-05,1.035307804586695702e-07,1.144888862959199264e-03,9.998133635856252132e-08,-1.557524689276081276e+01,6.006296635911172188e-03,-3.560789372341592873e+00,1.751816743592039783e-04
1.319999999999999929e+01,3.424923587246965132e-05,1.019347597747821405e-07,1.138906345598090803e-03,9.845519688559819864e-08,-1.555523954287736998e+01,5.980854912345002355e-03,-3.561670774107571269e+00,1.736498377700551284e-04
1.330000000000000071e+01,3.453822109944432926e-05,1.004376715584599263e-07,1.132242474319621224e-03,9.700510882380086716e-08,-1.552563523612591467e+01,5.853306548791823577e-03,-3.562318146670503616e+00,1.724287626039712061e-04
1.340000000000000036e+01,3.431310280325393483e-05,9.894420743555147402e-08,1.125593943820149892e-03,9.554669290840944062e-08,-1.551367890985895848e+01,5.791385065892017993e-03,-3.562467151493078354e+00,1.705716063169985652e-04
1.350000000000000000e+01,3.442663926727653704e-05,9.746916860862531826e-08,1.118219464358700954e-03,9.413548679770498262e-08,-1.548439036248865897e+01,5.687679706168168384e-03,-3.562508671005530481e+00,1.691292843117754433e-04
1.359999999999999964e+01,3.419168839584753300e-05,9.604596128074376587e-08,1.110843000080429400e-03,9.274415662050520534e-08,-1.544521707837719049e+01,5.652361606798874880e-03,-3.561401888069664956e+00,1.681059176929217526e-04
1.369999999999999751e+01,3.400663858798895852e-05,9.466169297185153572e-08,1.102121509825607906e-03,9.142117168415206516e-08,-1.542801142159679095e+01,5.602525129896115258e-03,-3.559009330942303428e+00,1.669274163497283850e-04
1.380000000000000071e+01,3.385870770651323814e-05,9.328845474816395335e-08,1.093154672358217323e-03,9.007441660677331242e-08,-1.538366555716810424e+01,5.542649573874622489e-03,-3.556845355852726875e+00,1.658713498823638835e-04
1.389999999999999858e+01,3.376486178202638648e-05,9.194004909553515914e-08,1.082783426224868256e-03,8.878763908410861284e-08,-1.533876409931947116e+01,5.468409427808417628e-03,-3.555186585973998170e+00,1.646492446931566893e-04
1.400000000000000000e+01,3.374453879060710125e-05,9.063625706907264929e-08,1.071800152588031326e-03,8.753435166901561697e-08,-1.528326826800282845e+01,5.392642267544389863e-03,-3.549601484627161518e+00,1.639029893931183001e-04
1.410000000000000142e+01,3.396218633934369925e-05,8.934363841345374166e-08,1.059082753561003780e-03,8.629238179587154354e-08,-1.521420981937837347e+01,5.292919949563786204e-03,-3.543752944220273982e+00,1.639203810797617840e-04
1.419999999999999929e+01,3.408356174650786319e-05,8.809940791005307963e-08,1.045402246114395103e-03,8.509910504045943889e-08,-1.515046857962182614e+01,5.203967241397813512e-03,-3.534832657436195014e+00,1.637704106040766580e-04
1.430000000000000249e+01,3.497747496486108219e-05,8.688577180622412183e-08,1.029413576682185584e-03,8.389686203273569503e-08,-1.508119079390942119e+01,4.994918313793046336e-03,-3.523487643300865280e+00,1.640024843330019333e-04
1.440000000000000036e+01,3.627448053902058837e-05,8.567785431671141032e-08,1.011659340719383519e-03,8.273458390522477457e-08,-1.497910254556997778e+01,4.741160224624099175e-03,-3.508570264131811278e+00,1.642753966157782736e-04
1.450000000000000000e+01,3.858110095016970735e-05,8.449762777111115101e-08,9.912191980761982362e-04,8.159722431101286072e-08,-1.487095533404647263e+01,4.399709678608658761e-03,-3.486817365949092640e+00,1.653685500760879168e-04
1.459999999999999964e+01,4.227434960574692860e-05,8.332990142795446695e-08,9.688482416388367793e-04,8.049252247393550567e-08,-1.476115303560046499e+01,3.957622094453688844e-03,-3.456975310321925399e+00,1.667131081936436071e-04
1.469999999999999929e+01,5.357182534867191328e-05,8.219564502214050119e-08,9.411445644998178619e-04,7.940433148457988329e-08,-1.459467820335849275e+01,3.090502428568394494e-03,-3.371770056989785935e+00,1.697777954849827330e-04
1.469999999999999929e+01,4.816636015369273651e-05,8.221876861229171093e-08,9.437664071774217334e-04,7.939128976372729872e-08,-1.464374560196354480e+01,3.427302848035000855e-03,-3.411296047364602124e+00,1.689724589524649074e-04
1.472000000000000064e+01,5.575760551985677109e-05,8.199222612761431123e-08,9.374378800653694870e-04,7.917832119052805323e-08,-1.458373356027023249e+01,2.951942564802871941e-03,-3.357270712773243737e+00,1.696392493673521188e-04
1.473999999999999844e+01,5.805532262285835921e-05,8.176845615977930013e-08,9.336112986289156392e-04,7.896068926835057091e-08,-1.455896965236684260e+01,2.831131815357262795e-03,-3.340424226763205162e+00,1.701081171870457169e-04
1.475999999999999979e+01,6.032730316829884901e-05,8.153995878451737031e-08,9.308871012399164407e-04,7.874988673975154972e-08,-1.454786829138545201e+01,2.712898646643366503e-03,-3.321675722105772444e+00,1.698589222326409205e-04
1.477999999999999936e+01,6.326836081057877982e-05,8.133283452630681804e-08,9.283307566210319923e-04,7.853115768339214150e-08,-1.453135480148616487e+01,2.584909832418149853e-03,-3.301901520356083530e+00,1.701980166555418401e-04
1.480000000000000071e+01,6.607511983887049626e-05,8.110597508265268133e-08,9.268967111653340571e-04,7.831586927542853802e-08,-1.451650193649050635e+01,2.467293461759744767e-03,-3.280529486841238018e+00,1.699003591384195882e-04
1.480000000000000071e+01,5.686504605796204211e-05,8.111385733035795541e-08,9.200526630760851206e-04,7.831763247308648488e-08,-1.455153327111819728e+01,2.862551446072890502e-03,-3.342796895769965637e+00,1.709877526136582653e-04
1.482000000000000028e+01,6.891171027499423392e-05,8.088142460854224236e-08,9.259845054662057054e-04,7.811284761032971614e-08,-1.450649899974272472e+01,2.359186605233392145e-03,-3.257718534897974472e+00,1.694718699153209616e-04
1.483999999999999986e+01,7.206405568367740225e-05,8.066130714489502963e-08,9.258897188192340057e-04,7.790797789675975796e-08,-1.449274772519486731e+01,2.250188339654173465e-03,-3.233679281430229757e+00,1.690741347860406061e-04
1.485999999999999766e+01,7.569014631403418692e-05,8.045385618830549004e-08,9.267662056612165555e-04,7.768328273527679538e-08,-1.448419654990770944e+01,2.136413711237194341e-03,-3.209289904737885557e+00,1.686186843884194891e-04
1.488000000000000256e+01,7.920735555420492296e-05,8.024483832904597205e-08,9.295201406392404652e-04,7.747230935817309932e-08,-1.447665087459457567e+01,2.035849441228521767e-03,-3.184398269315239283e+00,1.676687019609045183e-04
1.490000000000000036e+01,8.688091041772990123e-05,8.002257267227683901e-08,9.450842571989955063e-04,7.727281831639851134e-08,-1.447340723047349620e+01,1.851178394470534777e-03,-3.129840929636443114e+00,1.644157169670056799e-04
1.490000000000000036e+01,7.157912842116477515e-05,8.001799440516261994e-08,9.057869718826790486e-04,7.727880399499509777e-08,-1.446506789968698392e+01,2.247509040426418254e-03,-3.231407161584626486e+00,1.716012692065846086e-04
1.491999999999999993e+01,9.335062829328746555e-05,7.980628589093180114e-08,9.606186234766728475e-04,7.707141053147768577e-08,-1.447432664764326127e+01,1.720183406752838354e-03,-3.088705790941353335e+00,1.613780104761118931e-04
1.493999999999999950e+01,9.940023000376281125e-05,7.957809687079627505e-08,9.786955262092618402e-04,7.687044662412700513e-08,-1.448331979266655445e+01,1.609669693840636625e-03,-3.059249812960538328e+00,1.578162496339480291e-04
1.496000000000000085e+01,1.068317360214821727e-04,7.938553439385986223e-08,1.006553914940180351e-03,7.666220059998304240e-08,-1.449311495912677294e+01,1.491486603526350190e-03,-3.013531910264259928e+00,1.529172045560996519e-04
1.498000000000000043e+01,1.153221952335613238e-04,7.917035389446367902e-08,1.043651228687893749e-03,7.645488963039176375e-08,-1.451079938003231540e+01,1.377614137698255454e-03,-2.972804026257981569e+00,1.470861498325764887e-04
1.499999999999999822e+01,9.606291313253391743e-05,7.895419912571755716e-08,9.393002698272077868e-04,7.625005620166158010e-08,-1.443976374529916740e+01,1.653703733906834684e-03,-3.057493014038773715e+00,1.632751304369965152e-04
1.499999999999999822e+01,1.241191254291958742e-04,7.895396944775687591e-08,1.090459379274145079e-03,7.625001281738147537e-08,-1.453249948272053516e+01,1.276656927675340119e-03,-2.936478420458242589e+00,1.403971303255050309e-04
1.501999999999999957e+01,1.351584972524657615e-04,7.875358895353364822e-08,1.157683250011370610e-03,7.604042370563265233e-08,-1.456843549421917494e+01,1.169303389325335001e-03,-2.899210954119351591e+00,1.319030880409568769e-04
1.503999999999999915e+01,1.484786795379473259e-04,7.853579740851730759e-08,1.249857209211831938e-03,7.585806009759713067e-08,-1.461607795093037687e+01,1.063900341626199987e-03,-2.870688494996124440e+00,1.220196435258162789e-04
1.506000000000000050e+01,1.622247272407562058e-04,7.833443331835889585e-08,1.361248326572121791e-03,7.563868222807075904e-08,-1.467859854212263393e+01,9.689193293811657320e-04,-2.858146315767645440e+00,1.115685237142315681e-04
1.508000000000000007e+01,1.780042673725323432e-04,7.811792515535132609e-08,1.507809127009909463e-03,7.544409806218465442e-08,-1.477214109388162377e+01,8.821962563169555294e-04,-2.864800506368641031e+00,1.005731084707563308e-04
1.509999999999999964e+01,1.478813395381200753e-04,7.790363260233932566e-08,1.215385024205272802e-03,7.524492126566471168e-08,-1.456645919141138990e+01,1.059109337002437376e-03,-2.841077428463772314e+00,1.244393618148265589e-04
1.509999999999999964e+01,1.921538079189395417e-04,7.790386275275081798e-08,1.652791774391823261e-03,7.524246800633485022e-08,-1.486864381663373536e+01,8.139029117707450873e-04,-2.890853007895679561e+00,9.137814901236667342e-05
1.511999999999999744e+01,2.047671364659438915e-04,7.771833258884145759e-08,1.801632894246397477e-03,7.504616204740590734e-08,-1.498157469204658732e+01,7.628555007665583200e-04,-2.936149777715599818e+00,8.376377181721386374e-05
1.514000000000000234e+01,2.148477818965915248e-04,7.749242847148739789e-08,1.931915358347034749e-03,7.483563886318084257e-08,-1.508708294336458344e+01,7.252764323909226133e-04,-2.988524881956926116e+00,7.789278212921318012e-05
1.516000000000000014e+01,2.233338398458648477e-04,7.729576137299349877e-08,2.054221367923103614e-03,7.464882625161432633e-08,-1.520029974302802245e+01,6.953510036941083642e-04,-3.051462629873967991e+00,7.299468769022746236e-05
1.517999999999999972e+01,2.281073831097572867e-04,7.709845618640232507e-08,2.139905982907822513e-03,7.445950710755258226e-08,-1.530112095794257243e+01,6.790106218832894043e-04,-3.110907527194084032e+00,6.988735160598726255e-05
1.519999999999999929e+01,2.317941345017215384e-04,7.687652915753290097e-08,2.213924060154305509e-03,7.424608828611975242e-08,-1.539892365844765543e+01,6.670732688591667157e-04,-3.172971926818553889e+00,6.744460422357377615e-05
1.519999999999999929e+01,2.095755047658684380e-04,7.689768675101037134e-08,1.995623014137924960e-03,7.426966354558610845e-08,-1.523813504441999633e+01,7.379827137839198650e-04,-3.090881893169851402e+00,7.483275691860216856e-05
1.522000000000000064e+01,2.330284622404222954e-04,7.669023278770375696e-08,2.262288686295163380e-03,7.406963686660755173e-08,-1.548073981688009049e+01,6.620298127397817927e-04,-3.225546110908340758e+00,6.584710662577809371e-05
1.524000000000000021e+01,2.331087286669500662e-04,7.648769779397684402e-08,2.295577806412620308e-03,7.387055357069263703e-08,-1.555493468275702540e+01,6.589029517444932758e-04,-3.274018384096387457e+00,6.461705929072236450e-05
1.526000000000000156e+01,2.316961803065762141e-04,7.629451223372189300e-08,2.320073942646811924e-03,7.367998982181031296e-08,-1.563023854058305240e+01,6.623261240923312195e-04,-3.323644250707372017e+00,6.387591510352964939e-05
1.527999999999999936e+01,2.299283026962007986e-04,7.607467920165877002e-08,2.331609505753903713e-03,7.347232827703089656e-08,-1.569254800402635119e+01,6.655190223975583587e-04,-3.365165714308239409e+00,6.337672015126591580e-05
1.530000000000000071e+01,2.272972523185690899e-04,7.589323135716120382e-08,2.335024941741168335e-03,7.329829040518442287e-08,-1.575160290504353888e+01,6.706212543135505128e-04,-3.405323752058438735e+00,6.303713076581180701e-05
1.530000000000000071e+01,2.214839113867730642e-04,7.590003318116605238e-08,2.255376029972671822e-03,7.329757542601877354e-08,-1.562480022330133700e+01,6.889455191746392043e-04,-3.325173890680397371e+00,6.534921937104257216e-05
1.531999999999999851e+01,2.239074249086715578e-04,7.568982445842832120e-08,2.331409332042713202e-03,7.309846434253730434e-08,-1.581027172962226679e+01,6.789445010808521684e-04,-3.445538470440729917e+00,6.297119692270072486e-05
1.533999999999999986e+01,2.220197861182098378e-04,7.548638646238348276e-08,2.331644994777417029e-03,7.290208492570998660e-08,-1.585415419847014640e+01,6.839195814767439884e-04,-3.472061832495751510e+00,6.289563124423273410e-05
1.535999999999999943e+01,2.180451527332301332e-04,7.530861761303377251e-08,2.317500727695858548e-03,7.272920275337911543e-08,-1.589838906229605620e+01,6.946004580704782201e-04,-3.502063327586033559e+00,6.311308467353060126e-05
1.538000000000000078e+01,2.143633482400658468e-04,7.510159441640322598e-08,2.302474034159738940e-03,7.252593919989350301e-08,-1.594353712387796840e+01,7.035287775763403697e-04,-3.531379950983601468e+00,6.326332285056627549e-05
1.540000000000000036e+01,2.098263820869453145e-04,7.490350647403443340e-08,2.282634912884694452e-03,7.233671657811025342e-08,-1.598303965855002318e+01,7.179653357700794799e-04,-3.559171943734285470e+00,6.373905542091432529e-05
1.540000000000000036e+01,2.162380716708583745e-04,7.491181359858956725e-08,2.307584566891646150e-03,7.234688930165903185e-08,-1.590150582232634946e+01,6.955633938282416735e-04,-3.504558502515297214e+00,6.295092414564809418e-05
1.541999999999999993e+01,2.055010545780997400e-04,7.470958589118176231e-08,2.260039659376703990e-03,7.215129988031408410e-08,-1.602327688168168507e+01,7.301041589542081687e-04,-3.585640614196424103e+00,6.411646711606478941e-05
1.543999999999999950e+01,2.007380157129799909e-04,7.451614737445381819e-08,2.234710238817158318e-03,7.196211693352070551e-08,-1.606157333507756846e+01,7.466715537807284888e-04,-3.609804339138290352e+00,6.478013710226931596e-05
1.546000000000000263e+01,1.952306911912612757e-04,7.431604312462562415e-08,2.203548123116874386e-03,7.177242639916901369e-08,-1.610429936399595618e+01,7.654328641437598306e-04,-3.636741237210729061e+00,6.548922839883731454e-05
1.548000000000000043e+01,1.954643773550573146e-04,7.412876839264083271e-08,2.208186697601933687e-03,7.159057746298989951e-08,-1.611061743433847937e+01,7.623252292873854141e-04,-3.640279653748135225e+00,6.516496841824082325e-05
1.550000000000000000e+01,1.996258159679718336e-04,7.394512925927737691e-08,2.236997307631325479e-03,7.141207214194120296e-08,-1.612867334936394315e+01,7.439769972987084938e-04,-3.649277513177099586e+00,6.411779148686737556e-05
1.559999999999999964e+01,1.745803377814469904e-04,7.299438117888236428e-08,2.078961078690409487e-03,7.049505419802744325e-08,-1.628039097965258719e+01,8.395700583195187970e-04,-3.745102470456239452e+00,6.808725742223867717e-05
1.569999999999999751e+01,1.502609566632346206e-04,7.208223139224538111e-08,1.914646490299390597e-03,6.961371118328677382e-08,-1.636621209844855684e+01,9.632313124122972520e-04,-3.795487309484168570e+00,7.300588175904542776e-05
